Price,Close,High,Low,Open,Volume
Ticker,NTPC.NS,NTPC.NS,NTPC.NS,NTPC.NS,NTPC.NS
Date,,,,,
2021-01-01,80.09651947021484,81.02645895211731,79.89435764032484,80.8242971222273,13493039
2021-01-04,80.09651947021484,80.86473195600108,79.65176097666107,80.66257012611108,22325584
2021-01-05,78.92399597167969,79.57091644935784,78.43880869816654,79.57091644935784,23510160
2021-01-06,79.12613677978516,80.05608240525926,78.64094963546933,79.24743510823643,21952878
2021-01-07,78.43879699707031,79.65176808465387,78.31749865441395,79.32830789406692,24999580
2021-01-08,80.98603057861328,81.2690559075776,78.72181560791981,78.92397743853567,43240591
2021-01-11,80.05608367919922,81.87554012645374,79.8134870184362,81.4712164715083,22036573
2021-01-12,80.98603057861328,81.67337956880932,79.49003426595378,80.05608492388241,24262426
2021-01-13,82.92678833007812,84.38234986048678,80.98603345337689,81.06689695459576,49236964
2021-01-14,82.64376068115234,83.97803010678972,82.23943698668586,83.85673176455178,29301114
2021-01-15,81.2286148071289,83.7758549102752,80.7838625157789,82.88634415808622,24067229
2021-01-18,78.88355255126953,81.5925199773371,78.27706703038173,81.22862496311058,23613664
2021-01-19,80.58171844482422,81.5520929027994,78.88356005862249,79.2474489379906,22934496
2021-01-20,79.49004364013672,80.62214508950161,79.24744694699271,80.541281581617,25599184
2021-01-21,77.71101379394531,80.17739082818171,77.30669009452885,79.81349579701288,22667011
2021-01-22,76.05329132080078,78.03447500600699,75.12334556610578,77.8727479919253,26029669
2021-01-25,75.36593627929688,77.06410077893293,74.96161257357213,76.86193892607055,18599824
2021-01-27,73.82951354980469,75.28507523636476,73.42518983084517,75.20421172647092,22812859
2021-01-28,74.07209014892578,74.92117226685207,73.06128104162742,73.42517602194833,32227832
2021-01-29,71.92918395996094,74.88074821197377,71.28226973987638,74.39556100453784,36962884
2021-02-01,74.39555358886719,74.71901375141232,71.48442446493983,72.25263695268127,29033297
2021-02-02,76.1341552734375,77.10452970258723,75.12334600578562,75.12334600578562,29279584
2021-02-03,78.39835357666016,79.32829920922872,76.25544315879304,76.90235729965298,31420256
2021-02-04,80.09651947021484,81.02645895211731,78.43878999732105,78.68138666098483,39264443
2021-02-05,80.46041107177734,82.48202944041496,79.36873838661096,81.18819491838481,54911202
2021-02-08,81.10733795166016,81.63295383425859,77.71101511704255,77.7918786244046,53737961
2021-02-09,80.82429504394531,81.8351041674038,80.46040622729596,81.18819003008393,28074809
2021-02-10,80.7434310913086,81.26905306643212,79.77305680607226,80.86472941933545,19070866
2021-02-11,81.11861419677734,81.61883046825058,80.24323095125295,81.61883046825058,18452535
2021-02-12,79.99312591552734,81.61883687619462,79.03438063684656,81.53546855116961,21660998
2021-02-15,79.36784362792969,80.61838742265921,79.20110699953695,80.40996345687095,12574055
2021-02-16,81.70219421386719,82.66094572421007,79.61795456555426,79.90974684419913,32865663
2021-02-17,82.82768249511719,83.49464172796893,80.86849849443284,81.57713870396617,28774857
2021-02-18,86.20413970947266,86.91277980748691,82.99441242275374,83.11946169371406,50705280
2021-02-19,86.87110137939453,88.99702825189772,84.53675691373411,86.41257249749776,61069583
2021-02-22,85.07867431640625,88.62188210701589,84.53677067631159,86.95449020555253,30636415
2021-02-23,86.20413970947266,86.82941150664882,83.82810815232196,85.16202004751239,31233104
2021-02-24,86.03739929199219,87.28794292333274,85.12033523446121,87.12120631672485,16153025
2021-02-25,90.03915405273438,91.87328242438552,85.87067469844112,86.37089094883736,68361756
2021-02-26,89.45555877685547,92.4985432526772,87.37131934925488,89.28881580629105,67331805
2021-03-01,90.41431427001953,91.53980877941964,89.33051345881954,91.28969747497635,27205189
2021-03-02,93.83247375488281,94.79121892755529,89.95578664420766,90.41431556144347,53649872
2021-03-03,93.95752716064453,95.624918992142,93.37394256385844,95.41649501320481,31702057
2021-03-04,92.37350463867188,94.20763300244622,92.12339333425051,92.95708920152879,28057179
2021-03-05,90.62274169921875,93.66573300343173,90.37263674581456,92.54024481162554,24778407
2021-03-08,92.16507720947266,94.4577407583591,91.28969403747823,92.24844552094963,28163362
2021-03-09,91.2896957397461,93.24887971866282,89.58061669992398,92.87371912972361,20611697
2021-03-10,91.41474914550781,92.20675764075678,90.8311582474241,91.99833368299711,13207045
2021-03-12,90.95621490478516,93.45730242568995,90.53936698463436,92.54023827347709,21763020
2021-03-15,92.12338256835938,92.54023045328407,89.78903186854346,91.66484735070462,20350674
2021-03-16,91.33138275146484,92.91539977520948,91.1229587893306,92.16507860000182,15360040
2021-03-17,88.8302993774414,91.62317932907871,88.49681975024706,91.45643633518412,18850429
2021-03-18,86.53762817382812,90.24757200773759,86.0374055961643,89.53893183683957,20023557
2021-03-19,90.45600128173828,91.33138448354136,85.03697816347747,85.32877044388027,72249183
2021-03-22,91.58148193359375,92.16507280724655,89.08039454518102,90.70610516400579,31980425
2021-03-23,90.58104705810547,91.87327169060578,90.12251183846712,91.70653508015218,14060206
2021-03-24,88.37174987792969,91.20631671217072,88.03827030438477,90.03914138506043,15196366
2021-03-25,85.87067413330078,88.78860966210226,85.57888185253957,88.37176172941633,22543755
2021-03-26,86.87110137939453,88.16333243689165,86.45425347189149,88.16333243689165,17402475
2021-03-30,89.78903198242188,90.62272775332865,87.20457636472968,88.24669607836313,36129962
2021-03-31,88.8302993774414,90.87285175804014,88.4551324116247,89.78904455980724,23063667
2021-04-01,89.95578002929688,90.66442020243845,89.1637651858845,89.62230042999663,13753303
2021-04-05,88.62187194824219,89.87241573098919,86.49594497333443,89.5389361168044,15666099
2021-04-06,88.41345977783203,90.12253269253434,88.20503578623939,89.83074037642373,17393454
2021-04-07,87.91322326660156,89.49724662540224,87.7464866438202,89.12208604384696,15692013
2021-04-08,87.53807067871094,88.74692720575037,87.28795936110518,88.37176658993675,11394998
2021-04-09,85.70393371582031,88.33007048717442,85.3704541122945,88.33007048717442,19751417
2021-04-12,82.57757568359375,84.6201279519902,81.74387984170222,84.6201279519902,20221362
2021-04-13,83.86979675292969,84.32833199014726,82.74430868773426,83.03610094751171,19192856
2021-04-15,84.49507141113281,85.87067080784337,82.78599876966346,84.37001576405105,13865351
2021-04-16,85.4121322631836,85.78729918996801,83.78642799556698,84.9536033890171,14654851
2021-04-19,82.57757568359375,83.70306379802841,82.24409607471824,83.3695841891529,11652043
2021-04-20,82.57757568359375,84.11991171897418,81.82724815377247,82.70262497140187,16528675
2021-04-22,82.49420166015625,83.16116088315623,80.91018463657177,81.74388048502446,18614270
2021-04-23,85.49551391601562,85.87067451285333,81.70219516756917,81.70219516756917,29484794
2021-04-26,85.37045288085938,86.66267758006478,84.07822182105967,86.66267758006478,24369413
2021-04-27,85.07867431640625,86.32921824250377,84.7868756451739,85.07867431640625,17763436
2021-04-28,86.37089538574219,86.66268768341325,85.16203885513562,85.74562345047775,15160578
2021-04-29,85.91236114501953,87.53806553209195,85.57888152801644,87.20458591508886,11588556
2021-04-30,85.4121322631836,88.07996264258303,85.07865903127858,85.24539564723108,15321193
2021-05-03,86.91279602050781,87.20458830816993,84.24497173246158,84.53676402012368,12186212
2021-05-04,86.49594116210938,88.41344408873603,86.28751720750188,86.95447640648358,12992684
2021-05-05,86.62100219726562,88.07996997030708,85.70393801204422,87.32964241490967,14956169
2021-05-06,85.91236114501953,87.62143384619405,85.57888152801644,87.53806553209195,13547274
2021-05-07,87.57975769042969,87.95491830483792,86.16247083029805,86.70437444268383,13229291
2021-05-10,89.78903198242188,90.03914325793149,88.03827213563645,88.37175171611794,23980945
2021-05-11,93.95752716064453,94.54111811802568,88.95535166615211,90.0391589008635,45613487
2021-05-12,94.4577407836914,97.33398887428253,93.16550969337108,95.20806194777991,62158914
2021-05-14,92.87372589111328,94.99964665086429,91.83160600086424,94.99964665086429,16227312
2021-05-17,92.99877166748047,93.58235619976689,91.66485326123548,92.70697304074291,12832920
2021-05-18,93.4572982788086,95.20805819363844,93.16550601976932,93.87414618046304,14892142
2021-05-19,93.3322525024414,94.33269138852602,92.49855661100166,94.33269138852602,12610425
2021-05-20,93.16551971435547,93.99921564021099,92.4568794494973,93.37394369581935,10303689
2021-05-21,94.08256530761719,94.33267658002417,92.7486533628323,93.62403645566287,12171685
2021-05-24,94.12425994873047,94.9996367489411,93.41561976934253,93.66572470057655,11341268
2021-05-25,94.4577407836914,95.74996551341728,94.24931682464583,94.95795701328188,15289982
2021-05-26,92.62361907958984,95.0413386147148,92.45688243327584,95.0413386147148,17466748
2021-05-27,91.95664978027344,93.08213784422574,91.12295397577628,93.0404505097632,34169451
2021-05-28,90.83116149902344,92.54024055807254,90.33094525461225,91.95665599969192,13383166
2021-05-31,92.12338256835938,92.83202270061258,89.87240653400356,90.83115158085522,14754293
2021-06-01,91.87328338623047,92.91540323571401,91.2896988147576,92.4985552959206,10271211
2021-06-02,92.66529846191406,92.8320350939061,91.7482342647683,91.78991524246891,6492771
2021-06-03,93.20719909667969,93.54067235007321,92.08170460439545,93.04045610938833,12140851
2021-06-04,93.16551971435547,94.20763962167487,92.58193511049464,92.95709573289157,8930671
2021-06-07,97.04219055175781,97.33398280410528,93.37392782920591,93.49898346895313,28407410
2021-06-08,96.87545013427734,98.79295303273693,96.70871351727834,97.95925722655349,43191813
2021-06-09,98.45948028564453,100.87719956383894,96.54198361442423,97.12556817510114,49807823
2021-06-10,98.79296875,99.96014433646504,97.79253616765581,99.50160902587673,22144392
2021-06-11,99.04307556152344,99.66834748713762,98.00095568549982,99.12644387948635,13871562
2021-06-14,98.54285430908203,99.1264452641643,96.917149824014,99.04307694503684,14179055
2021-06-15,98.2093734741211,99.16811861119186,98.04263048810412,98.54284672496594,8148417
2021-06-16,99.87676239013672,100.54371523385288,97.41735588976172,98.20937073995476,21585917
2021-06-17,97.87588500976562,100.54370893878587,97.50071809560735,98.5428378117237,14466025
2021-06-18,94.66616821289062,98.50116792778888,94.12426462738883,97.87589602773173,43927941
2021-06-21,98.37611389160156,98.75127449356043,94.24932182767483,94.41605845952438,34597018
2021-06-22,98.62622833251953,99.12644460455074,97.50073376970559,98.79296496966494,16712010
2021-06-23,97.75083923339844,99.08475133248155,97.50072793206022,99.08475133248155,12590251
2021-06-24,98.37611389160156,98.79296183182021,96.45861082235785,97.7091546430138,14046692
2021-06-25,96.75039672851562,99.29316501265083,96.45859812031192,99.29316501265083,12768348
2021-06-28,96.83377838134766,98.25105884258272,96.70872272639284,97.45905029552692,10709748
2021-06-29,98.04264068603516,98.83465564065968,96.20851217323293,96.91715244587947,33488455
2021-06-30,97.04219055175781,98.75126309298953,96.83376660571048,98.25104689459474,16739618
2021-07-01,97.8342056274414,98.20937257208784,96.45860621826009,97.37567673144396,12479506
2021-07-02,97.95926666259766,99.25149783089539,97.54241871935255,98.0009540011601,17215972
2021-07-05,98.87632751464844,99.29317544376634,97.75083937814901,98.29274295812122,16409169
2021-07-06,98.08431243896484,99.16811316588839,97.5840962295698,98.45947300586256,14979094
2021-07-07,97.9175796508789,98.54285156783368,97.41736338943406,97.58410638364558,14545289
2021-07-08,97.9175796508789,98.95969951247018,97.70915567856065,97.83421133407057,12037089
2021-07-09,98.2093734741211,98.70958971098291,96.91714236501639,97.5424142512423,9585144
2021-07-12,98.25105285644531,99.00138037986422,97.66746831633863,98.37610850378087,7651672
2021-07-13,99.96013641357422,101.71089647420804,98.4594812984054,98.50116863628025,30663035
2021-07-14,100.66877746582031,100.83551409750922,99.87676892440581,100.0018182178751,9539611
2021-07-15,100.29361724853516,101.04393845460517,99.3765466889477,100.66877785157017,11278872
2021-07-16,99.29318237304688,100.71046924731141,98.62622945627098,100.16856562952188,17198632
2021-07-19,101.21067810058594,101.58583869121473,98.79295884821533,99.29317508925193,14364285
2021-07-20,98.75127410888672,101.7108970171482,98.54285013958929,101.7108970171482,11360716
2021-07-22,99.37654876708984,99.79339671722124,98.83465152039496,99.00138815620954,9520328
2021-07-23,98.79296875,100.12688097999066,98.62623210647438,99.54329636705576,10442400
2021-07-26,99.50159454345703,100.04349809693429,98.41779379709683,98.54284308124255,5370055
2021-07-27,99.08474731445312,99.7100191818484,98.54284375725834,99.4599142512469,5280342
2021-07-28,97.37567138671875,99.66833482265045,96.54197559183449,99.66833482265045,11010096
2021-07-29,97.33399200439453,98.58453579888354,96.08344820990553,98.1260005299997,11897018
2021-07-30,98.54285430908203,100.00182215589514,96.917149824014,97.50073441850124,14546264
2021-08-02,98.16768646240234,99.00138231346308,97.54241457410679,98.87632666368506,11742555
2021-08-03,98.08431243896484,98.79295259899065,97.1255609939444,98.79295259899065,21122697
2021-08-04,98.25105285644531,99.08474869122311,97.16725208759082,98.41779583975753,9432176
2021-08-05,97.12556457519531,98.20937170267561,96.66702932266263,97.584099827728,11045322
2021-08-06,98.08431243896484,98.95968921525761,97.08387365958056,97.1255609939444,8434733
2021-08-09,97.29230499267578,99.29317634267468,97.16725570128402,98.79296009532364,7816050
2021-08-10,95.33311462402344,97.70914641096891,94.74953010112253,97.45904148426607,9774255
2021-08-11,97.50072479248047,97.79252342151052,95.49985988858214,95.62490917462998,8056886
2021-08-12,99.33485412597656,99.54327807237576,97.12555902202625,97.50071958130718,8640167
2021-08-13,98.58453369140625,99.58496616137299,97.70915050973947,99.58496616137299,9744939
2021-08-16,99.08474731445312,99.5432825614474,98.45947544705784,98.58453109265577,8768804
2021-08-17,97.87588500976562,99.62664486072228,96.87544626593755,99.50158922266952,8758578
2021-08-18,97.1672592163086,99.12644329965393,96.79209224677763,97.87589945574052,9357721
2021-08-20,95.16639709472656,97.54242935825731,94.58280609417454,96.95884471830082,11684504
2021-08-23,94.5411148071289,96.50029886840741,93.54067592690947,96.29187489676939,6271685
2021-08-24,94.99964141845703,96.9588317926926,94.7495364749296,95.20806538502723,11791078
2021-08-25,95.04133605957031,96.0834559725042,94.87459941773896,95.62492066657522,9491958
2021-08-26,93.99921417236328,95.4581820198279,93.33225489785573,95.12470238257413,11668986
2021-08-27,94.5411148071289,95.12469938347746,93.45730761037322,93.95752387018553,8095717
2021-08-30,95.83333587646484,96.29187114041895,94.41605546885235,94.41605546885235,9915170
2021-08-31,96.66703033447266,97.00050994338746,95.62491053198548,96.08344578931764,11386659
2021-09-01,96.20850372314453,97.29230452711992,95.66660014085952,96.70871996810199,7508413
2021-09-02,97.12556457519531,97.29230119761023,95.8750208253001,95.95838913650755,5700524
2021-09-03,97.54241943359375,98.29274700904806,97.12557148729634,97.54241943359375,9364904
2021-09-06,97.08387756347656,98.08431638309006,96.62534867000718,98.08431638309006,7005043
2021-09-07,96.58366394042969,97.45904713614078,96.08344769742104,97.29230414807482,7723357
2021-09-08,97.74061584472656,98.21196077988778,96.32656796249235,97.56921233690635,10508654
2021-09-09,98.16912078857422,98.3405177684631,97.2692702982184,97.65491677215623,5757417
2021-09-13,98.55476379394531,98.98326276696245,97.82631684749123,98.25481582050838,6322443
2021-09-14,99.32605743408203,99.5403069080389,98.38336105634679,98.76900749411914,7369292
2021-09-15,106.43914031982422,106.99619028215197,99.41175990724818,99.41175990724818,48721413
2021-09-16,106.26773834228516,107.72463213969228,105.41074045242802,106.69623728721372,17684303
2021-09-17,106.05349731445312,106.86764275929468,104.16810442199085,106.39629780536687,15763396
2021-09-20,107.90018463134766,108.99941229348099,107.10874608193421,107.7243108890676,7431359
2021-09-21,109.13130950927734,110.27450884166066,107.37254543431992,107.54842586730717,8629222
2021-09-22,109.3951416015625,111.68153386644646,109.04338739716033,109.57101534918687,11698183
2021-09-23,110.97803497314453,111.68154344226924,109.61499653930214,109.74690521590728,11053966
2021-09-24,109.26322937011719,111.4177128993878,108.99941204813771,111.24183915750362,8598140
2021-09-27,111.54962158203125,112.38503862902627,109.48307492330157,110.18658330928126,8490460
2021-09-28,116.03446960449219,117.52941654485409,111.98931314014241,112.12122180173981,35900138
2021-09-29,123.68510437011719,126.85088574209576,114.84732375843376,115.55081880259979,75859390
2021-09-30,124.74037170410156,125.92752963517304,122.32207062954294,124.65242811588547,34614825
2021-10-01,123.02557373046875,126.93883555149993,121.09093542760334,123.94892779406383,22452069
2021-10-04,127.99407196044922,131.33572674477554,123.55318951143047,126.14736411644334,58612212
2021-10-05,127.8621597290039,130.01665673934397,126.80690382865156,127.99407510298968,24390676
2021-10-06,126.01548767089844,129.53301690990014,125.57579651602322,128.78553657928862,14421296
2021-10-07,125.57577514648438,128.0820062517961,125.09211227476591,126.80690480330695,10035682
2021-10-08,124.0808334350586,126.54309285342227,123.37732499339435,126.23531713528054,10686586
2021-10-11,127.33452606201172,129.0493184100342,124.38859076846389,124.8722535892665,17449923
2021-10-12,127.11468505859375,128.60963194281487,126.45514848452804,128.38978641812628,16030831
2021-10-13,128.6975860595703,129.48902464594084,127.24659742681493,127.95010584709266,19100941
2021-10-14,131.37969970703125,132.4349691169736,129.13728575667355,129.70887883846905,29263867
2021-10-18,131.51162719726562,133.4022937972054,130.76414686614012,133.00657444120745,25346029
2021-10-19,131.59954833984375,133.75404558690306,130.2365165870456,132.74274794845908,20234486
2021-10-20,128.609619140625,132.47889462266212,127.77420891362887,132.47889462266212,16129487
2021-10-21,130.06063842773438,130.6322449808618,128.30187380575927,129.8847646491987,20818539
2021-10-22,127.42247009277344,130.2365037499332,126.6310315131391,130.01665820911177,11379569
2021-10-25,126.54309844970703,128.60965207255506,125.88356177241188,127.24660692248348,14079380
2021-10-26,125.9275131225586,128.0819965682636,125.26797655234445,127.77422088648053,16224116
2021-10-27,124.2567138671875,127.11470616263308,123.86099454071052,126.63104324435757,15072448
2021-10-28,120.78314208984375,124.74036171307888,119.85978816076091,124.25669885324439,19999659
2021-10-29,116.65001678466797,120.38739027992582,113.04455864022538,115.19904185383079,29217522
2021-11-01,118.10103607177734,118.98041830102616,115.11112844134661,117.13371025228047,10043407
2021-11-02,120.16757202148438,123.81701619514394,118.71659676171967,118.71659676171967,21525811
2021-11-03,120.25550079345703,122.19013870756994,119.20024496924142,121.31075661767264,9808728
2021-11-04,120.60726165771484,121.61855922440316,120.43138790386259,121.61855922440316,1026849
2021-11-08,123.37731170654297,123.64112902104426,120.07962882104185,121.97029497474009,12765483
2021-11-09,121.79441833496094,124.34462100497718,121.39869908179368,123.7730280191029,9556650
2021-11-10,120.82710266113281,121.5745828597815,120.2555096280298,121.53061106839507,5479056
2021-11-11,120.16757202148438,121.13489780686582,118.14500370018993,120.91505225730708,11418813
2021-11-12,119.99169158935547,121.53061035064371,118.40880103694052,121.53061035064371,9306659
2021-11-15,120.60726165771484,121.04695275149916,119.59597750933384,120.73917703683452,3991733
2021-11-16,118.10103607177734,121.1788738741482,117.83721871934111,121.09093028390014,5762128
2021-11-17,119.99169158935547,121.35473660444353,117.83720800721329,117.83720800721329,15264066
2021-11-18,118.98040771484375,121.0029893458201,118.49674484812881,120.12360719481359,9942974
2021-11-22,114.45158386230469,120.3874134996461,114.05586457014333,118.71659274682837,15990636
2021-11-23,117.39753723144531,117.6173828067851,112.6928365518503,114.36367097541809,11510010
2021-11-24,119.02438354492188,120.73917611391147,117.44149293573639,118.27690332387931,7570759
2021-11-25,118.8924789428711,120.21155233369802,116.34227575459576,119.15629630469817,13919886
2021-11-26,113.30838775634766,117.88117194442054,112.56090761191496,117.13369179998783,13323593
2021-11-29,111.24185180664062,113.74809652296716,109.96675026010752,112.38505138633883,16077669
2021-11-30,111.90138244628906,113.83602055934146,109.65895520280021,112.38504532912896,22883512
2021-12-01,112.2970962524414,116.91385247338533,110.67024064022516,114.31967785194482,17010938
2021-12-02,113.17647552490234,114.58349227632506,111.32977442510139,112.29709340983969,12916313
2021-12-03,111.6815414428711,114.53953364514929,111.15391345505051,113.17648852655506,12827354
2021-12-06,109.35118103027344,112.2091733319167,109.04339858577345,111.68154532575184,8158812
2021-12-07,110.23056030273438,111.15391432047487,109.04339564360654,110.0107147470013,8701301
2021-12-08,111.90138244628906,112.25313666024957,109.79086387167962,109.79086387167962,12093435
2021-12-09,110.84611511230469,112.25312511427283,110.49436093452442,111.90137093649257,11518172
2021-12-10,110.9340591430664,111.41771529823774,109.39514038641035,110.89008735207204,8389566
2021-12-13,110.62627410888672,113.08854674477875,110.36245678748642,112.20915790982887,13223189
2021-12-14,111.10994720458984,112.07726634871914,109.9227824954696,109.9227824954696,11649242
2021-12-15,111.41771697998047,112.95663575986502,110.7142152775253,110.93406081750881,11916145
2021-12-16,112.03329467773438,112.73679641887257,111.0220037963723,112.16520335080835,10758513
2021-12-17,110.40643310546875,112.29709938614985,109.13132494527639,112.03328876308325,13041775
2021-12-20,107.06477355957031,110.31848473357155,104.73440958995437,109.48307439972487,14185935
2021-12-21,107.46049499511719,109.65895034861101,106.27333044606118,108.64766625332649,10168470
2021-12-22,107.76828002929688,108.95544453337901,106.97683479019109,108.20797108333863,7885198
2021-12-23,109.52703857421875,110.27451198555539,107.98811996475688,108.25193055803015,9836979
2021-12-24,106.62508392333984,109.92276693127819,106.31730151776291,109.74689318784944,8509575
2021-12-27,107.15271759033203,107.41653492873003,106.05348986226306,106.62508962268966,5097217
2021-12-28,109.13130950927734,109.5710005280167,107.24063678686761,107.28460857240256,6511374
2021-12-29,108.2959213256836,109.70293153053706,107.46050419434751,109.57102285620464,8960770
2021-12-30,111.59359741210938,112.42900778019555,107.50446902751433,108.38385118724861,32394253
2021-12-31,109.3951416015625,111.50566011882209,109.04338739716033,111.50566011882209,9155163
2022-01-03,110.8021469116211,111.28580976037276,109.65894747410978,110.27451898244401,9034081
2022-01-04,116.86988830566406,117.22164923452056,111.46169317570433,111.68153872437435,33986738
2022-01-05,116.07843780517578,116.82591796139516,114.93523838555451,116.606072435249,16122852
2022-01-06,115.11111450195312,116.38622931460009,113.70411115652101,116.38622931460009,8037648
2022-01-07,115.5068588256836,116.25432565433056,113.83602457316961,115.4628870314555,8820039
2022-01-10,115.94654846191406,116.3422677683365,114.97922267438591,116.03447863094821,7324926
2022-01-11,116.3422622680664,117.83720925404592,115.19906277820907,116.21034689329045,11971883
2022-01-12,117.70531463623047,118.01309035994974,116.38624131607088,117.2656235295106,10439580
2022-01-13,118.67261505126953,120.16756197968223,117.39751365404418,118.18895219899609,15114699
2022-01-14,119.02438354492188,119.72787855495346,117.22164739052472,118.18895973847175,9344382
2022-01-17,120.12360382080078,120.78314041553071,118.23292419825782,118.40879793985786,9803141
2022-01-18,118.71659088134766,121.13489180670844,118.18895622121894,120.12360769615302,6473378
2022-01-19,118.54071807861328,118.98040915945508,116.91385571217582,117.92515324909613,21136414
2022-01-20,118.62865447998047,119.90376941609868,117.9691178240466,118.27690696413879,8466412
2022-01-21,117.92515563964844,119.68391999866896,116.5621105777461,117.88118384701148,12437749
2022-01-24,116.60608673095703,118.93644422648185,115.19906982380128,116.95783424859214,14284658
2022-01-25,118.98040771484375,119.28818341671199,115.24303357306604,115.37493552839432,10007486
2022-01-27,118.71659088134766,119.5959730360243,117.08972852787313,118.01308247394498,18760325
2022-01-28,123.24540710449219,126.63103386329911,121.35474078566163,123.11350514487413,34009553
2022-01-31,124.9162368774414,126.10339472692625,121.8383993577073,124.8722650863553,27928927
2022-02-01,124.1247787475586,126.76292506243385,123.5092139577489,126.6310231140125,17413984
2022-02-02,124.1247787475586,125.53179548281447,123.77303127289764,124.87225890409566,10783943
2022-02-03,123.67228698730469,125.43710572179657,123.3555349190628,124.44156765668092,9571728
2022-02-04,121.45494842529297,124.39629411350815,121.18343683060398,123.98903362630134,7213085
2022-02-07,122.31472778320312,123.40077419880245,121.45495254556518,121.45495254556518,10562489
2022-02-08,122.1789779663086,122.76724159561822,120.18791590212172,122.58623846426555,8721631
2022-02-09,122.22425079345703,122.72201983763432,121.13821803048756,122.45050819447799,5144026
2022-02-10,123.49126434326172,123.85328440510412,121.54545657085215,122.31472330916726,6081460
2022-02-11,124.12479400634766,124.62256300773622,121.68121704730471,121.68121704730471,8426925
2022-02-14,119.9164047241211,123.49126836717357,119.28288685732065,121.90746679534556,7705072
2022-02-15,122.4957504272461,122.90301094722523,118.24210065735106,119.55440450234029,12674466
2022-02-16,120.54993438720703,123.71753784082553,120.23318232763826,122.08848187417642,12946623
2022-02-17,120.14266967773438,122.0884776364121,119.87115805777466,121.72647134956891,5811964
2022-02-18,119.78065490722656,121.36445646688573,119.37338060130557,120.14266116843005,6760078
2022-02-21,119.41863250732422,121.40969452441863,118.69460618938442,119.82589299564867,12212740
2022-02-22,119.55441284179688,119.9164191493289,115.75328446926115,118.60412902245601,13578566
2022-02-23,117.8348388671875,120.77618476038745,117.5180868260201,119.46389473919834,9263264
2022-02-24,112.5856704711914,116.74880476398033,111.90689835047058,114.93874577539148,18045779
2022-02-25,117.97059631347656,118.55885994199905,113.12868315076246,113.12868315076246,10424521
2022-02-28,120.82144927978516,121.22870983003311,116.56781300340172,116.70356191693254,13262687
2022-03-02,118.51361846923828,122.17899095996837,118.06110368790507,120.18792868403327,12587947
2022-03-03,119.55441284179688,120.77619448695904,117.88010259773652,119.55441284179688,15628119
2022-03-04,117.8348388671875,120.68569009562005,117.42757835159837,119.46389473919834,15883138
2022-03-07,117.6990966796875,118.10635721850996,114.8482521934476,116.74881288266502,14985637
2022-03-08,121.04768371582031,122.90299677021767,118.10633813020226,118.10633813020226,28572640
2022-03-09,119.0113754272461,121.22869486909292,118.64936916273575,121.22869486909292,14286413
2022-03-10,120.32366180419922,122.17897492611912,119.41863236030204,120.2784075700737,13101323
2022-03-11,119.41863250732422,120.73092244066007,119.01137201899977,120.27840771815437,8669803
2022-03-14,119.59963989257812,120.27841200050344,118.33260414831244,119.41863675906215,5670284
2022-03-15,118.6041259765625,120.32367660766269,118.24210586867214,118.83038336537331,6895190
2022-03-16,120.14266967773438,120.36892705942503,119.0566370075502,119.82590381950561,5561866
2022-03-17,120.27842712402344,121.5454768372588,119.37339753299345,120.82145040250369,13995384
2022-03-21,120.27842712402344,120.73094191953844,119.19239437671858,120.27842712402344,9172207
2022-03-22,120.23318481445312,121.40971221669318,119.23764675600572,120.6404453621251,10343712
2022-03-23,120.77616882324219,121.04768040102546,119.64488209052232,120.27839989891494,11892811
2022-03-24,122.54097747802734,122.81248906492519,120.68567822180678,120.82142711042923,11276181
2022-03-25,121.95272827148438,123.2197640803133,121.45495927171066,123.08401517567255,7266868
2022-03-28,121.99797058105469,122.63148842352602,121.09294114619472,122.63148842352602,7778682
2022-03-29,121.5907211303711,122.45049640957293,121.18344680000567,122.17898479254748,5116935
2022-03-30,122.45049285888672,123.03875650400528,120.77618277715835,122.17898124973426,24047012
2022-03-31,122.1789779663086,122.72200117002035,121.54546010174737,121.54546010174737,11615450
2022-04-01,129.37396240234375,129.82647714583544,123.80803658125757,124.8940692037068,32589741
2022-04-04,130.59576416015625,132.134311601808,128.06167870997146,128.37844456986508,15437496
2022-04-05,134.93991088867188,136.29745520823738,131.00302683806999,131.59129051935304,23958626
2022-04-06,138.46951293945312,140.55108354295743,134.21587706860336,136.07119029802362,52737388
2022-04-07,138.92202758789062,142.99466031848024,137.74548648156724,138.42425860333216,37738903
2022-04-08,137.60975646972656,140.18908260068542,136.84047576893795,140.18908260068542,17585569
2022-04-11,138.56002807617188,139.91757238595937,137.42874115134896,137.97175058947104,15583159
2022-04-12,138.1074981689453,139.01252760960773,136.5236966477861,138.19799282721957,11306524
2022-04-13,139.32928466796875,141.3656009831183,138.24325206181976,138.51476366577046,19454061
2022-04-18,147.70082092285156,148.1985899410732,139.82706653982174,140.18907283871653,82098517
2022-04-19,145.3929901123047,150.5516695392763,144.3522116649149,149.23936565823502,38522118
2022-04-20,145.25723266601562,147.70080951902713,143.89968843549212,146.75052579572986,20047692
2022-04-21,147.24830627441406,147.88182420286682,145.121495099633,146.2527820467469,21966151
2022-04-22,145.21197509765625,147.51980299852093,144.66896570369934,145.93600143258587,9922564
2022-04-25,141.27511596679688,145.61924668797818,140.64158424444105,143.5376898047683,12008027
2022-04-26,142.08963012695312,143.4019201273413,141.18460063569864,142.63265334556746,11735823
2022-04-27,140.86782836914062,144.44270574437616,140.46056787856986,141.90862052243642,17873048
2022-04-28,144.533203125,144.89522319760985,140.50582475858485,142.9946557929559,29123808
2022-04-29,141.3656005859375,145.70974480798202,140.913085850509,145.16672160160627,28941216
2022-05-02,142.54214477539062,143.31142536629406,138.46951206752232,139.9175647764038,13368198
2022-05-04,143.5829315185547,146.5242775342361,142.36114992091075,142.99466783928037,24511385
2022-05-05,143.35665893554688,145.4834836606684,142.0896232331256,144.44270532008332,33396072
2022-05-06,143.89968872070312,145.1214840544575,141.22985449064606,141.59186076230822,22604305
2022-05-09,143.89968872070312,144.6237150736815,141.13934601790348,143.85443448433185,22958742
2022-05-10,140.68682861328125,145.93600231105137,139.82705337710038,143.8544317642188,20322427
2022-05-11,138.06224060058594,142.04436451946538,135.7996670535742,139.41978472879296,13794764
2022-05-12,134.442138671875,138.46951729533117,133.94436967130073,136.74996672206143,11818556
2022-05-13,130.4600067138672,135.75443521095661,129.87174301848182,135.75443521095661,22913410
2022-05-16,134.17062377929688,134.75888743220779,128.19742353743612,129.7812251672086,16286682
2022-05-17,136.20692443847656,136.43318178804213,132.40580372770543,133.49183624368965,13925542
2022-05-18,134.39688110351562,136.5689463853673,133.22033998849003,136.20694010827677,17611218
2022-05-19,133.9443817138672,134.4421507591945,131.90806509997395,133.4918669107798,11701170
2022-05-20,135.3924102783203,136.61419174131518,133.62759181568322,136.61419174131518,17841739
2022-05-23,135.89019775390625,140.5963630277015,134.30639585090196,139.73657380405956,26055890
2022-05-24,132.94882202148438,137.42872889187208,132.40581263180204,135.89016776363803,16581141
2022-05-25,138.15277099609375,138.60528582255938,133.40136531820465,134.30639497113592,19926619
2022-05-26,139.51031494140625,140.37010415612468,136.29747073352522,138.6052852919397,22698086
2022-05-27,136.1616973876953,140.27958473374605,135.30192204964536,140.27958473374605,10245727
2022-05-30,136.56895446777344,138.01700728114255,134.66840068608846,135.79968763101587,12513990
2022-05-31,141.18460083007812,142.99465981507913,136.07118972131195,136.74996184068732,124665699
2022-06-01,141.90863037109375,144.985725190798,141.41086137711542,141.59186451774724,16084988
2022-06-02,143.94493103027344,144.17118838372886,139.60078708199865,140.7320738492758,17646975
2022-06-03,140.2795867919922,144.30696571537953,140.00807515239913,143.8997051608178,14063328
2022-06-06,140.46058654785156,143.5829358034382,139.91757709146773,141.00360981389068,18485464
2022-06-07,142.31588745117188,142.7231479601665,138.92202686012644,140.46057423280288,14911957
2022-06-08,142.13490295410156,144.57848013816758,141.2751275868856,141.2751275868856,16416591
2022-06-09,140.41531372070312,142.99465317848015,140.0080532299103,140.55107642406972,13821409
2022-06-10,140.50582885742188,141.727624197435,139.37454199061494,139.46505046382114,7908849
2022-06-13,134.75888061523438,140.1890573569038,133.71810226360918,139.3745363695148,19208167
2022-06-14,137.02142333984375,137.97170681714297,134.75885020801243,134.75885020801243,17034328
2022-06-15,134.08009338378906,139.1030090646358,133.53708405672447,138.06223083052296,15172295
2022-06-16,129.37396240234375,135.8901719466933,128.51418715164036,135.84493152006735,18494040
2022-06-17,127.11137390136719,130.73149142826782,126.29685298167553,127.69965128528,21387729
2022-06-20,124.21533203125,127.97119993492554,122.17901511270492,127.11142444236032,16578770
2022-06-21,126.65885925292969,127.83540021149696,124.66779737439792,125.07505783438017,51398446
2022-06-22,124.57730102539062,126.65887156838407,123.58177689415291,126.65887156838407,8317317
2022-06-23,123.53653717041016,125.934860023849,122.767256506659,124.803573053424,11257409
2022-06-24,123.62702941894531,124.803556665978,122.13372252827111,124.803556665978,21879039
2022-06-27,125.34657287597656,125.84434181178284,123.76277141364473,124.2152861171681,12872030
2022-06-28,125.43709564208984,126.07061353732173,124.12479180452917,125.34658716720483,14272044
2022-06-29,128.28793334960938,129.509728714896,123.80804002631581,124.71306953848237,53487394
2022-06-30,129.32870483398438,130.27898853276423,127.74490327256919,128.78569544157708,19270932
2022-07-01,127.29239654541016,129.60022458481455,126.47787550075194,128.51419192205205,9592229
2022-07-04,127.9711685180664,128.69519489551035,126.11586905103789,126.11586905103789,17526429
2022-07-05,127.47341918945312,130.55051417296067,126.88514168901582,127.97117440027407,11370649
2022-07-06,125.75384521484375,128.51418792876566,123.17451944713635,128.06167318253762,15929985
2022-07-07,127.11137390136719,129.19294424126554,126.25159875065879,126.70411344152136,18144208
2022-07-08,130.052734375,130.5052491179956,127.60915752475465,127.60915752475465,15375888
2022-07-11,131.0482635498047,133.03932552360143,129.96223100133855,130.32423724760957,16779135
2022-07-12,133.1298370361328,134.03486648217137,130.36949446378455,130.36949446378455,19138561
2022-07-13,134.48739624023438,135.16616840064674,133.49185821443425,133.71811560123837,13644449
2022-07-14,134.2158660888672,135.12089551116614,133.03932507794792,134.84938392254585,9775869
2022-07-15,135.52816772460938,135.89017400101375,134.0801149996834,134.3516266118138,11518139
2022-07-18,135.57342529296875,137.15722695805098,135.1209105315167,137.0214642438226,8286352
2022-07-19,136.43319702148438,136.84045753424454,135.0756527725144,135.57342175906757,6798359
2022-07-20,136.252197265625,137.79074469071685,135.890177171121,137.65499578631199,7271345
2022-07-21,136.52371215820312,136.8857184517342,135.754431522381,136.65946106586355,7521568
2022-07-22,134.8041534423828,137.02147315578284,134.08012701503748,136.6594668469379,6800124
2022-07-25,135.84495544433594,136.16170753477235,133.35612391681227,135.03042047680702,7996687
2022-07-26,135.75442504882812,136.61420031220652,134.98514444968976,135.75442504882812,5774871
2022-07-27,135.48291015625,136.2521907367612,134.89464651914417,135.34716125834987,5403197
2022-07-28,136.0711669921875,136.61417631119187,134.89462608653366,135.79965542785942,6030744
2022-07-29,138.4242706298828,139.7818149913586,136.16169669408984,136.61421148124845,11771461
2022-08-01,141.63710021972656,142.72313273104635,136.65943855066268,138.37898887611462,14221965
2022-08-02,144.39744567871094,144.8952146180419,141.6823574383453,142.18012637767623,18278835
2022-08-03,144.48794555664062,145.66448659858793,142.27062617546306,144.84996562089933,10147608
2022-08-04,140.00807189941406,145.2572461741816,138.51477863083133,144.53321975530756,15754128
2022-08-05,140.82260131835938,142.2253860513648,138.46951900101615,139.73655482749032,33864055
2022-08-08,144.26168823242188,144.80471142412372,140.23430995786913,140.73207891532024,16964235
2022-08-10,143.66213989257812,144.95347934044645,142.97034788667486,144.72288200514538,14055597
2022-08-11,141.72512817382812,144.6767855653986,140.98722790048103,144.0772240001222,15810624
2022-08-12,146.19873046875,146.6599252020899,140.75663824515763,141.77125821377766,17998843
2022-08-16,146.42930603027344,147.39781764097307,144.7690024225804,146.65990336260458,8309725
2022-08-17,148.9197540283203,150.94900773279892,146.65990299209312,146.65990299209312,19674110
2022-08-18,148.32022094726562,150.0266329225934,147.4900620279169,148.9197684380073,9585888
2022-08-19,145.50694274902344,149.10425614754826,144.9535034225365,148.55083089560807,9599472
2022-08-22,144.3539276123047,146.61377861624666,143.89273295539635,145.0918418782668,11400211
2022-08-23,146.3370819091797,146.84439892608356,143.5699135346635,144.30782791611037,14362373
2022-08-24,148.32022094726562,150.3494748480977,145.73752776686771,146.5676726116709,20602844
2022-08-25,146.56765747070312,149.3809477145395,146.15258509118001,148.82752256669002,12889454
2022-08-26,150.7184295654297,151.91753865790204,146.56767706617256,146.65992164041887,30724938
2022-08-29,148.45855712890625,150.7184081310981,148.22795980063069,149.24259367486079,10928330
2022-08-30,151.2718505859375,152.6093123036482,149.01199953538568,149.24259686859597,24663153
2022-09-01,148.2279815673828,151.50246692465132,147.85903141778047,148.96589594113354,14554158
2022-09-02,149.24261474609375,153.48559774069528,148.73529773735171,150.34947926318344,25106698
2022-09-05,151.73306274414062,152.28650203746344,149.611564219131,149.98052843952817,15226001
2022-09-06,155.37649536132812,155.7454595749513,152.00977959997235,152.9321690222118,27866331
2022-09-07,154.31578063964844,156.9445825165006,153.7162189636818,155.4226453285624,19415892
2022-09-08,153.8545684814453,156.06829760941858,153.0705317915754,154.96143304543196,11595205
2022-09-09,153.67007446289062,156.20664522694196,153.07051292847888,154.63857204043802,16415150
2022-09-12,153.485595703125,155.0536689956102,152.65545084496463,154.4541074206759,15469466
2022-09-13,154.40798950195312,155.83769597548988,152.7938079518898,153.99291706113178,15644741
2022-09-14,158.9738006591797,159.61947035091762,152.1942337095722,152.1942337095722,38751148
2022-09-15,161.51039123535156,162.4788888557027,159.25052592241107,160.8647073890569,29483891
2022-09-16,159.38888549804688,161.14141966624956,158.00530144697797,160.4496276407151,26126152
2022-09-19,157.7285919189453,160.58800477068598,157.3135194919625,160.03456548501177,13304030
2022-09-20,158.5587158203125,159.71170245098534,157.63632651577421,158.5587158203125,15395199
2022-09-21,155.5148468017578,158.69708717808973,155.09976034326493,157.72857556584674,7370283
2022-09-22,155.56094360351562,156.48333286668392,153.90065418944727,154.03900694910521,7447846
2022-09-23,151.22573852539062,155.42261308838363,150.0266294967433,154.17738177506808,12264388
2022-09-26,146.2909698486328,151.1335143766831,144.44619098080412,149.84216072447555,21951865
2022-09-27,146.659912109375,149.10423834804658,145.27632803287148,147.02886223329125,8367800
2022-09-28,145.69139099121094,147.0749749779737,142.97034529881964,145.5530382223523,14261815
2022-09-29,147.16722106933594,149.15035250781668,145.737514786584,146.42930678715322,17623352
2022-09-30,147.25946044921875,149.01200873453567,145.18408432220446,147.58230236546123,12015533
2022-10-03,147.90516662597656,151.36412736021785,146.6138128404648,147.44397186141106,10528629
2022-10-04,149.93441772460938,151.27187969972806,148.82755312708173,149.38097838857206,9013773
2022-10-06,150.2572479248047,152.28651613852574,149.796053162513,151.50247941281106,6456408
2022-10-07,151.54856872558594,152.05588566861937,148.82752303509915,150.44170435185927,8825983
2022-10-10,151.22573852539062,152.74768947217018,149.28872924023284,150.0727517814115,10484521
2022-10-11,148.5508270263672,151.64082330755298,147.85903492355072,151.64082330755298,13805741
2022-10-12,152.19424438476562,152.47096400764687,148.64303971930323,149.33483173923398,12496248
2022-10-13,151.9636688232422,153.85457009695364,151.5024740771929,152.05591340227073,9447511
2022-10-14,152.28651428222656,154.50024348442338,152.0559169038916,153.34725659274858,9588164
2022-10-17,155.37649536132812,155.92993464449006,151.27186524727165,152.28649924155332,13426449
2022-10-18,153.992919921875,156.29889360766091,153.48560289609281,155.83769887050374,20635735
2022-10-19,151.3179931640625,155.0536732780517,151.13351808765913,153.5778445177325,6947654
2022-10-20,153.992919921875,154.86918710756436,148.96590010177096,151.27187378755687,12020720
2022-10-21,152.2403564453125,155.3764744286024,151.73303951651874,154.500207410437,7414335
2022-10-24,153.992919921875,154.91530939618937,153.3472501047642,153.992919921875,685185
2022-10-25,156.2066650390625,156.52949291434183,152.60933759996755,154.4541165714378,8131380
2022-10-27,157.40574645996094,158.18978308465933,154.54634774688967,156.71395440565485,16225577
2022-10-28,160.54190063476562,161.1414481999074,156.71397563759598,157.40576778562755,16185760
2022-10-31,159.66561889648438,160.495763768919,155.92993882143654,156.71396140661457,24233760
2022-11-01,167.69039916992188,168.75114137183226,160.03456417818873,160.49575888763596,41101936
2022-11-02,166.90634155273438,168.52052283288566,166.03007452984673,167.78260857562202,22146420
2022-11-03,164.32366943359375,167.7365215449542,163.49352458596562,165.43054799649204,16719953
2022-11-04,163.216796875,165.5688925930413,162.66337169546048,165.15382018975046,14881752
2022-11-07,162.2021942138672,165.5689101554548,161.27980474224904,164.04697315710345,12799401
2022-11-09,159.9423065185547,163.954705792233,158.8815644034438,163.954705792233,14929008
2022-11-10,158.7432403564453,160.6802498833959,157.31353380053494,160.03458004107904,10668583
2022-11-11,158.14366149902344,160.1268071748674,156.48335774643527,159.57336789915618,16963169
2022-11-14,158.14366149902344,159.9423180332667,157.8208336503131,158.97382041259024,10224241
2022-11-15,158.7432403564453,160.63412759297034,158.0975564395815,158.92771544360056,13899999
2022-11-16,156.7600860595703,159.52725444217367,156.02217167596686,158.7432318451638,9781274
2022-11-17,155.23812866210938,157.54410201099827,154.50021437555606,156.7600654425583,12778124
2022-11-18,152.97830200195312,155.92994554454052,152.2865098869148,155.46875080118164,11134908
2022-11-21,151.64080810546875,153.3011118006911,151.4102107609808,152.19424736205784,12788632
2022-11-22,154.0851593017578,154.5002317362894,152.0559053416232,152.4248554890855,15198091
2022-11-23,155.00755310058594,155.19202817950074,153.34724924126002,154.82307802167114,12004998
2022-11-24,156.3450164794922,156.80621121836975,154.59248210157605,155.6071020823788,10986350
2022-11-25,156.57559204101562,157.9591760649421,155.51484991915646,157.0367867156578,12358833
2022-11-28,157.17514038085938,158.5587244126435,156.25275102633663,156.8061902688681,5471921
2022-11-29,156.9445343017578,158.28201005096548,155.9299145130152,157.72857083925584,7693168
2022-11-30,158.83543395996094,159.43499544710102,156.57558299961747,156.89842488304242,9133076
2022-12-01,158.83543395996094,160.17289562428311,157.5902168550584,160.03454285969738,9214914
2022-12-02,158.7893524169922,159.43503634948956,157.86696288433572,159.0199498001563,6376672
2022-12-05,161.55650329589844,162.01769801164411,158.09754292780573,159.619493934494,9861212
2022-12-06,161.60263061523438,162.3405449983178,160.3574132886682,161.97159484404918,7008295
2022-12-07,158.51263427734375,161.41815544554507,158.00531725960565,160.5880105616436,7718718
2022-12-08,157.12904357910156,159.06605291948424,156.80620165176498,158.51262771132303,4225180
2022-12-09,156.3450164794922,158.4203928044412,154.96143226285952,157.9130757767666,6174919
2022-12-12,155.7915802001953,156.80621427532495,154.54636282567813,156.80621427532495,7153044
2022-12-13,156.06829833984375,156.80621274413724,155.00755605992265,156.5756153724547,5166993
2022-12-14,158.2820281982422,160.21903751221942,156.2988825243651,156.76007722881855,8562333
2022-12-15,158.7432403564453,160.5418970866662,158.37427610758786,158.6509957755942,10644546
2022-12-16,156.62171936035156,159.66560712579036,155.92992732614024,158.55872861141626,9433166
2022-12-19,158.4665069580078,158.88157938677966,156.3450084531736,156.6217280972034,7706855
2022-12-20,156.57559204101562,158.14365111989008,155.46872763678334,157.86693150019588,7387632
2022-12-21,154.915283203125,157.77469571984886,153.67006606806967,156.80618412066536,8454254
2022-12-22,153.02438354492188,155.5609541912783,151.77916639961884,155.4226014222038,6979001
2022-12-23,150.34947204589844,153.4394821625494,149.74992456633106,151.54858107957847,5313321
2022-12-26,152.79380798339844,154.73083147369232,149.33484751826373,149.4270920938191,8321609
2022-12-27,152.37872314453125,155.14589129149445,151.77917567584058,154.03902684761817,9244387
2022-12-28,152.97830200195312,154.59248360370913,152.00979022599017,152.1942653084244,9652984
2022-12-29,153.8084259033203,154.40797335798314,151.27185516128654,152.1942445220261,19571340
2022-12-30,153.53170776367188,154.77693904252004,153.11663536223742,153.80842738947644,8626291
2023-01-02,154.96142578125,155.46874278770494,153.48559704875308,154.08515862894376,7322962
2023-01-03,154.59246826171875,156.06828284927707,153.85455393066698,154.961418389972,9629995
2023-01-04,153.67007446289062,155.42260863368998,151.91752621754645,154.82306117382305,11995082
2023-01-05,156.71395874023438,157.12904524393528,154.17738780428593,154.9614244506701,18887530
2023-01-06,155.88380432128906,158.78932522172,155.46873191759107,157.22126609966926,13216749
2023-01-09,157.17514038085938,157.72857962339086,156.29887330897168,157.0367876074988,6012344
2023-01-10,154.915283203125,157.45185382860635,154.17736893353072,157.1751342181905,7557693
2023-01-11,153.16273498535156,155.69930537661153,152.655418092191,155.37646351517952,8463293
2023-01-12,153.07054138183594,154.22352830709013,152.70159119557357,153.94680863011965,7628932
2023-01-13,154.7769317626953,155.09975958216265,152.65543349736984,153.30110321084868,5090393
2023-01-16,153.07054138183594,155.5609903254755,151.8714321646621,155.5609903254755,10321015
2023-01-17,154.68470764160156,155.1459023656818,152.93217331991508,153.67008769335266,13015434
2023-01-18,156.2988739013672,156.52947124087186,154.13126735474992,154.50021746813957,5536057
2023-01-19,155.60707092285156,157.1751299061301,154.31573154239715,157.1751299061301,6812613
2023-01-20,155.60707092285156,156.71393525960443,154.63855935023892,156.71393525960443,8545359
2023-01-23,153.90069580078125,156.34502237925165,153.1166590852848,156.25277779817665,7787735
2023-01-24,153.16273498535156,154.5463188351297,152.56317353905538,154.22347697369773,7033092
2023-01-25,153.02438354492188,153.67006733272066,151.6407995560002,153.11662810733432,9257370
2023-01-27,153.3933563232422,154.08514835650286,151.27185793966714,153.34723403944915,13756671
2023-01-30,155.74546813964844,158.88158671790464,154.1312865619629,154.59248129844448,30768122
2023-01-31,157.866943359375,159.2505274872382,154.36187482842465,156.66784837486333,24990701
2023-02-01,156.8061981201172,160.31128065771122,154.22350498322973,158.88157427170697,13878016
2023-02-02,153.94677734375,157.59022654673853,152.65543787972123,156.80618996708526,19898080
2023-02-03,156.69161987304688,157.54345616973302,153.85214629434705,155.69780123204004,11730514
2023-02-06,157.1648406982422,157.92203642168,155.27185861080127,155.69777669201403,7588936
2023-02-07,156.40768432617188,158.72658507824903,155.5085204968739,157.59079842848786,8699758
2023-02-08,156.64431762695312,156.8809404632476,155.3192355206287,156.73897253839564,8839686
2023-02-09,157.1175537109375,157.73276727083308,155.83978469600248,157.07022625810455,5507650
2023-02-10,156.17103576660156,156.9282315557498,155.31919953025258,156.26569065611076,9468345
2023-02-13,158.86856079101562,159.19982406042206,155.98175961364694,156.2657098747883,9829152
2023-02-14,157.1648406982422,159.48374086689586,156.02905433423908,159.48374086689586,12916373
2023-02-15,156.92825317382812,157.5907941647373,155.4138613869125,157.11754853661498,11855678
2023-02-16,158.442626953125,158.726577212071,156.73895428406934,157.11754500112391,7923121
2023-02-17,159.057861328125,160.57223869965296,157.54346951428636,158.0640426029378,10182025
2023-02-20,158.91587829589844,160.90351573781928,158.3006647479428,158.72658293055136,6679716
2023-02-21,163.97958374023438,164.92607484407412,160.0043239925691,160.0043239925691,26883881
2023-02-22,161.3767547607422,163.93227819400454,159.48377230020563,163.69565538643747,12225021
2023-02-23,160.52491760253906,162.46521306073421,159.95701709038295,161.80267209142536,11184381
2023-02-24,161.84999084472656,162.03928619117082,160.33559918855397,161.14012246382862,8338893
2023-02-27,163.17506408691406,164.21621010078766,161.376736727287,161.9919501812888,17669762
2023-02-28,161.3767547607422,163.7429828364129,160.76154123799182,163.55368747882125,19044910
2023-03-01,163.03311157226562,163.79030743174536,160.85617889212756,161.80267010589978,9318790
2023-03-02,161.66070556640625,162.98578751635063,161.14013249953166,162.98578751635063,7725981
2023-03-03,163.36439514160156,165.63596835931955,162.32324899213316,162.79649461601693,12962719
2023-03-06,167.33963012695312,168.00217101149457,163.45901082244043,163.64830615483683,12402804
2023-03-08,169.2799530029297,169.5638888025506,166.06187433157032,166.29849712612722,22099710
2023-03-09,169.8478546142578,172.45070559298435,168.47544516848228,168.85403589755464,18874546
2023-03-10,171.07827758789062,171.31490037846862,168.28613154753208,168.4754268915327,12399692
2023-03-13,170.08445739746094,171.8354718083798,169.84783460908318,171.59884902000204,13669178
2023-03-14,168.38076782226562,171.3148961295853,167.71822691354112,169.09063617639373,9217542
2023-03-15,168.6647186279297,169.942487446644,168.23880050246115,169.8478325555138,8548173
2023-03-16,169.98983764648438,170.3684283770647,167.4816271188801,168.66474120483193,9405016
2023-03-17,167.4816131591797,171.97744631106607,166.48779452135344,171.97744631106607,47276890
2023-03-20,166.5824432373047,168.04950741564045,165.58862463634762,168.04950741564045,5627841
2023-03-21,167.62359619140625,168.0495143401353,165.91990915418054,167.38697339296684,12894327
2023-03-22,165.020751953125,168.28614381262912,164.500178887451,168.28614381262912,7893205
2023-03-23,165.25735473632812,166.44046863208558,164.40550406599775,164.73678173373315,5759884
2023-03-24,163.45901489257812,165.82524271222258,163.127751663213,165.82524271222258,4977283
2023-03-27,162.0866241455078,164.64214759393846,161.5660510773084,163.41170609882442,12077986
2023-03-28,162.79649353027344,163.74298477172852,161.37675666809082,162.18128000025172,8750986
2023-03-29,164.68946838378906,166.01455028351643,162.5125357408288,163.4116994900945,20272070
2023-03-31,165.73062133789062,167.76557172005326,165.25737571949836,165.44667107839325,8125121
2023-04-03,168.2861328125,168.5700830517898,166.061872787424,166.20385512822344,9098662
2023-04-05,166.48779296875,168.75938046864164,165.77792458296685,168.75938046864164,10829323
2023-04-06,165.82525634765625,167.1503527010019,165.4939930910521,166.96104290601704,7159274
2023-04-10,168.0968475341797,168.47543824769997,165.82525992612807,166.440487888486,10968456
2023-04-11,168.57009887695312,170.1318036761943,167.1030345381539,168.57009887695312,9208605
2023-04-12,166.3931427001953,168.75937051321768,165.91989713759082,168.47542028719332,7591360
2023-04-13,163.79029846191406,166.67709939428818,163.0804300904602,166.58244450117076,9944382
2023-04-17,160.52491760253906,164.64214576758602,160.19363989672968,163.12776847235298,17401126
2023-04-18,160.9981689453125,161.61338248678604,159.95702278340755,160.90351404248096,16199789
2023-04-19,158.15867614746094,160.85616724602562,157.8747259154255,159.72038076019265,16314641
2023-04-20,160.6195526123047,161.09279820894807,157.87473392869683,158.15868417514474,15498083
2023-04-21,160.6195526123047,160.85617541062638,159.38911117256998,160.57222516417846,6672391
2023-04-24,161.80267333984375,162.08662359811268,159.19982244994705,159.48377270821598,8088991
2023-04-25,161.94467163085938,163.22242625537788,161.2348031364675,162.13396700756826,9175412
2023-04-26,160.7615203857422,162.5125202692317,160.43024272119402,161.94463427011678,9032416
2023-04-27,161.80267333984375,162.18127849830566,159.7677229664849,160.90350955725054,9054900
2023-04-28,162.79649353027344,163.26973915100098,160.52492032770533,162.70183862920385,21552892
2023-05-02,166.203857421875,166.5824481179466,163.3170564268237,163.41169687968696,8893428
2023-05-03,166.91372680664062,169.09064498553113,165.7306128214569,166.2038584155304,11194149
2023-05-04,166.91372680664062,167.95485844821664,165.44666257655095,167.0083672600697,4671155
2023-05-05,164.9260711669922,166.96102121795448,163.74295731357043,166.91370821766384,5958697
2023-05-08,167.57627868652344,168.04952431148266,165.16272311076932,165.44667337420694,6287186
2023-05-09,166.5824432373047,169.09063902048828,165.82524742503696,167.7182297345518,7918748
2023-05-10,167.57627868652344,167.86022894996105,165.58864128477057,166.582459985647,6231734
2023-05-11,169.94248962402344,170.36840775494903,167.48160684619506,168.0968347618066,12125975
2023-05-12,165.588623046875,169.65853786172684,165.1627049197843,169.51656996679952,8920297
2023-05-15,166.5351104736328,167.29230626172324,164.54748777749245,164.68945566924947,7980565
2023-05-16,167.95484924316406,168.47542225657588,166.10919441589363,167.43427622975224,7874923
2023-05-17,166.5824432373047,168.33345765052945,165.6832795287469,167.95485252324116,6639494
2023-05-18,165.73062133789062,168.19148988814425,165.3046887274895,167.52894891085714,6921939
2023-05-19,164.0269317626953,165.96724165745954,163.69565405786608,165.6359639526303,6657753
2023-05-22,164.78411865234375,167.57626471840513,163.88494048602286,164.02692282706207,13339834
2023-05-23,164.83143615722656,166.25117295252502,163.55368170684366,165.58863200318098,8359389
2023-05-24,165.588623046875,165.91990072478373,164.16888632836682,164.68945934694824,8507023
2023-05-25,165.1627197265625,166.15653840707546,164.1215735960613,165.5886378918366,7986243
2023-05-26,165.1627197265625,167.76557061050548,164.78412901127663,165.63596534182486,6926193
2023-05-29,166.86639404296875,168.28613077996116,165.44665730597634,165.588625202752,9943211
2023-05-30,167.33963012695312,168.47541656363964,166.2038436902666,167.52892545934952,9727639
2023-05-31,164.5474853515625,167.52892657297176,162.74914357607224,167.52892657297176,41785992
2023-06-01,165.06805419921875,165.35200443855695,162.6545132706167,164.31087281739565,11602551
2023-06-02,165.2100372314453,166.487791650351,164.12156371647842,166.487791650351,7262018
2023-06-05,164.78411865234375,166.77174144611038,164.26354561981827,166.3931507546241,12239684
2023-06-06,166.01455688476562,166.34583459402484,164.26355676495143,165.16272054997063,4889564
2023-06-07,167.86021423339844,168.4754277149846,166.01454490402185,166.53511793429962,6270083
2023-06-08,172.30873107910156,174.4856637936469,168.57009361407262,169.18530713582433,27382635
2023-06-09,173.0186004638672,174.3910098647068,170.88899518736466,174.1543870562065,10235269
2023-06-12,175.76341247558594,176.47328087366367,172.87661143494122,173.0185937799425,17450400
2023-06-13,175.43214416503906,176.6625711323925,175.1008664785614,176.04735764871577,8332566
2023-06-14,177.18316650390625,178.31895316283104,175.4321662837379,175.4321662837379,15061573
2023-06-15,176.7098846435547,177.27778507778484,175.4321303299988,176.99383486066978,9840499
2023-06-16,178.12962341308594,178.6028689664907,176.09467331036876,176.89918208577197,8562558
2023-06-19,175.9053955078125,178.12964116509337,175.29016756168917,178.12964116509337,5363723
2023-06-20,177.46713256835938,177.94037825520834,174.67498590441298,176.0473955078125,6035600
2023-06-21,177.46713256835938,178.60291932833442,176.52064119466147,177.46713256835938,5906854
2023-06-22,174.6276092529297,177.8930006838318,173.5391502567317,177.46708257411552,6683123
2023-06-23,176.7098846435547,177.46708040842557,173.91773880025707,174.67493456512793,15255365
2023-06-26,175.00621032714844,177.37243823553234,174.58029219210115,177.37243823553234,7231775
2023-06-27,176.09469604492188,176.94653237410276,174.91158200866508,175.00622246617962,6787438
2023-06-28,178.98147583007812,180.40121250421737,175.38480670046368,176.0946750375333,32476741
2023-06-30,179.02879333496094,181.39502118470827,177.9403343010006,178.03498919191395,9579059
2023-07-03,181.01644897460938,182.29421792076596,178.60289343315256,179.8333349290237,7352149
2023-07-04,183.66661071777344,184.3764790809375,178.8868275173404,180.8744647111233,13258826
2023-07-05,183.05137634277344,184.32914512828825,182.05757222327117,183.61927679018186,6558910
2023-07-06,186.22213745117188,186.60072814174745,182.43617277617983,183.14604115274082,16276609
2023-07-07,182.29421997070312,187.16864411640603,181.86828735565447,186.22215286929398,12652336
2023-07-10,181.3004150390625,183.00410230168862,179.64405523084767,182.34154682455357,10238356
2023-07-11,182.1049041748047,182.6254772320476,180.59052689464608,182.34152697879603,11236383
2023-07-12,180.5905303955078,184.32916788258476,180.06995732817327,183.3826766482711,9191559
2023-07-13,177.84568786621094,181.53701215271536,176.94652412901567,181.53701215271536,10612659
2023-07-14,177.41976928710938,178.27162001682152,174.86424598259154,177.8930148784019,12369394
2023-07-17,176.52061462402344,178.83951525207004,175.85807365062584,178.36626963645605,9058800
2023-07-18,177.3251495361328,179.02882230983445,176.33133078993285,176.99387180662916,7177677
2023-07-19,182.2468719482422,186.08016395481408,180.02261199167455,180.77980779235557,31761232
2023-07-20,182.57814025878906,183.8559091106127,181.5843360877141,182.38884491393236,8936996
2023-07-21,184.66043090820312,185.84354485701962,181.82095743104352,182.48349835391897,11031250
2023-07-24,185.4176025390625,186.4587485362389,182.62545665502716,185.03901187225736,9981788
2023-07-25,189.91346740722656,190.57602284958193,185.41763387807273,185.9855344165743,18028061
2023-07-26,190.8126220703125,191.33318065020237,189.29823044979065,190.71796717816406,13857423
2023-07-27,191.1438751220703,192.13769366743244,189.86612080001166,190.95457979016993,16013422
2023-07-28,198.76316833496094,199.18908652150228,188.8250099182129,191.0492701979332,39630520
2023-07-31,206.66635131835938,207.2342373510498,198.43186664241236,200.84542199769652,43494779
2023-08-01,213.10247802734375,214.5222147615494,207.13959529752717,207.80213621836134,63510580
2023-08-02,207.37623596191406,213.1024963962868,205.24663067703852,213.00785593790064,22647784
2023-08-03,208.32272338867188,211.63544266009905,206.28775859940927,207.37623216826412,29868065
2023-08-04,206.28775024414062,210.31033776794683,205.956486995801,209.8370921769108,12879897
2023-08-07,206.28775024414062,209.50582892857116,206.00380000105716,207.94410981276673,12929354
2023-08-08,205.90916442871094,208.60665569616685,202.54911776425323,208.51201524110206,15314866
2023-08-09,206.9976348876953,207.94412614410206,204.86802956078012,206.76101207359363,12554174
2023-08-10,205.76719665527344,209.03260309592548,204.9153602878142,207.47088383250264,10970619
2023-08-11,204.42355346679688,207.78262594160338,204.0876403615587,206.2470440953629,7970536
2023-08-14,204.42355346679688,205.38328845959873,203.2718744043134,204.7114768935162,9283695
2023-08-16,208.6943817138672,209.174249234315,203.51181835078881,204.37557402983703,9687712
2023-08-17,207.0628204345703,210.94975000428337,206.4869735929856,210.61383690596003,11865239
2023-08-18,206.4869842529297,207.9265867868178,204.7114832477709,207.1108208042511,14101163
2023-08-21,209.99002075195312,210.70982200134665,207.0148363967023,208.45443889548935,13336739
2023-08-22,212.77325439453125,213.349101273462,210.03801833059634,210.42190648695387,16930149
2023-08-23,212.77325439453125,213.92493350799828,212.14943247935165,213.92493350799828,13507905
2023-08-24,211.9574737548828,213.44505124127227,210.80578007660353,213.06116311144146,11182959
2023-08-25,209.12625122070312,212.91721619670437,208.45443964772363,212.91721619670437,7413549
2023-08-28,209.89404296875,210.46988983034197,208.45444045916406,209.1262520347587,4851793
2023-08-29,212.19741821289062,212.82124011646644,209.46216755543992,210.37391289312544,8799235
2023-08-30,211.52557373046875,213.06115548360324,210.90175188072888,213.06115548360324,5490930
2023-08-31,211.4296112060547,212.72524459451728,209.94201911317415,212.72524459451728,18532999
2023-09-01,221.41085815429688,222.322603461348,207.44671119091356,209.07827238125034,29859815
2023-09-04,226.30551147460938,226.97732303250763,221.2189131458478,224.29006215652097,21895573
2023-09-05,225.15383911132812,227.36121791790669,222.37059879683423,227.36121791790669,13952922
2023-09-06,222.56253051757812,226.35349531063724,219.20345817038677,226.0175822181608,14623019
2023-09-07,224.67396545410156,228.41692603131096,220.1152242833086,223.61825111468679,30334731
2023-09-08,230.57630920410156,233.7914269695952,225.53770099048435,226.4974358883162,28856420
2023-09-11,233.31158447265625,234.07936075751923,228.56088450480155,233.7914519728926,22493483
2023-09-12,225.63369750976562,235.0870781862188,224.67396253889362,234.3672769580648,21174310
2023-09-13,227.60113525390625,228.84879360528183,223.76219549237703,226.59342528201924,9151928
2023-09-14,228.36892700195312,229.56859568198482,226.44945711390244,228.36892700195312,7568464
2023-09-15,226.68939208984375,229.6645762903531,226.11355990691473,226.11355990691473,14098284
2023-09-18,231.48806762695312,232.39981290300003,226.54543847906143,227.45718375510833,11163399
2023-09-20,232.01593017578125,236.09480381899562,230.6723070687151,231.77599643206275,18936709
2023-09-21,229.3286895751953,233.11964013194552,227.55318850147424,230.38440399857149,10134737
2023-09-22,228.36892700195312,229.66457503414458,226.49744678998232,228.99276350220543,7209300
2023-09-25,230.00048828125,230.5763351424852,227.60115076676004,229.520620778352,8027642
2023-09-26,230.52835083007812,233.40755591449474,229.42466140547617,230.09647299629452,10681642
2023-09-27,229.66458129882812,230.81626033419488,228.2729685209102,230.24041349431477,9679279
2023-09-28,227.5052032470703,231.4880979643829,226.16156535077084,229.9525306256915,32887087
2023-09-29,235.66293334960938,241.3733536990989,229.85653364188545,229.90452332100264,35038887
2023-10-03,231.48806762695312,236.76660986599575,230.86424576555083,234.51124151413163,14885044
2023-10-04,225.68167114257812,231.29612654510248,222.17864437838682,231.29612654510248,25424437
2023-10-05,224.4340362548828,227.84108379919144,222.70651032102293,227.69712940653392,22472389
2023-10-06,226.06558227539062,227.9370625973108,224.24207698797576,224.81792384597918,8825123
2023-10-09,225.2498016357422,226.7853834939403,221.21891756346457,224.4340356721445,10659145
2023-10-10,226.40147399902344,227.3132339377851,224.33804966732734,225.44173902718458,11665907
2023-10-11,229.08872985839844,230.04846480932963,226.49744841976283,226.73738215749563,14313043
2023-10-12,231.8719940185547,232.97568346868138,228.9927888675514,229.32868734853164,13170027
2023-10-13,232.30384826660156,233.9833844340918,229.95250056099385,230.8642458373242,11880728
2023-10-16,233.6474609375,235.13505297704964,231.29611333660802,233.07162877806928,6936948
2023-10-17,236.04681396484375,237.246482682539,233.50352214108716,234.991114279908,10084205
2023-10-18,232.255859375,236.86259009313486,231.8719712503193,235.99881984601336,6987265
2023-10-19,229.8565216064453,232.06391493070944,228.89678665192986,230.52833314572746,11485237
2023-10-20,231.296142578125,232.39983200652844,227.98505964852035,229.3286828347849,9040953
2023-10-23,227.02529907226562,231.2001372026612,225.53770701203115,231.1041724969513,7058625
2023-10-25,222.70651245117188,226.78538625194645,219.15549583584692,226.49746281948356,23949207
2023-10-26,222.32260131835938,223.90617281529376,218.57964076995725,221.55482505312355,17410264
2023-10-27,227.07330322265625,228.84880415759682,222.65851643557278,222.65851643557278,10519462
2023-10-30,225.15383911132812,228.8008204323157,221.36287410786912,227.8890751020688,8812268
2023-10-31,226.30551147460938,227.64913459040588,224.14610776711194,225.05785307028768,6583581
2023-11-01,223.23435974121094,227.16926432913274,222.75449225650877,227.16926432913274,6718059
2023-11-02,225.7776641845703,226.20954201608703,224.33806164991844,224.76993948143516,6057787
2023-11-03,227.0858154296875,227.95791204817286,226.06835951758157,226.06835951758157,6825146
2023-11-06,228.53932189941406,229.84746684001166,227.279615271357,228.05482048753132,5338605
2023-11-07,231.7370147705078,232.12462476377448,227.90945665008203,228.97536564930363,7002346
2023-11-08,229.36294555664062,233.4327541066947,228.63619350178067,232.4153130585375,9777991
2023-11-09,230.57420349121094,232.26995831905145,228.68465106877895,229.84745142213643,13987058
2023-11-10,235.2254180908203,235.7099194669085,228.49085192035608,230.4773105194794,9589671
2023-11-13,238.083984375,242.83210695396457,235.75838357545643,237.35723227691648,18792969
2023-11-15,239.6343994140625,241.23324814653967,238.3262396978106,241.23324814653967,10965645
2023-11-16,244.52784729003906,246.36894658123921,239.97352258457101,241.08788460676766,22145147
2023-11-17,243.80111694335938,245.2546211824037,243.21970933341774,245.15771498547684,5618928
2023-11-20,243.26817321777344,247.48332682640535,242.54142106602893,243.21972011716173,6283832
2023-11-21,242.2506866455078,244.9638972930992,239.63438218689802,244.77009970094448,6851869
2023-11-22,245.7875518798828,246.12670877085927,241.6208517096534,243.02590279862443,5275418
2023-11-23,244.91546630859375,247.77402171190795,243.8980103756691,246.1267198511684,8200025
2023-11-24,246.02980041503906,248.88837045034884,245.1577038256351,245.44840761737277,7149443
2023-11-28,249.566650390625,250.29340246464736,245.78754552003235,246.95036066711515,6151585
2023-11-29,250.39031982421875,251.50466713976851,248.16162519311922,251.50466713976851,8637363
2023-11-30,253.200439453125,253.53959637375849,248.06473604337538,249.95430347860415,21687673
2023-12-01,260.61334228515625,266.91186114727674,253.6365095630818,254.21791721852497,29121320
2023-12-04,266.2819519042969,270.35177540571834,264.7800094251345,267.44476706802243,20464526
2023-12-05,276.60186767578125,277.66774712386973,264.3439583065704,266.66958873924904,18883076
2023-12-06,272.3866882324219,279.3150522169755,270.30333816316704,279.0728015212106,13415314
2023-12-07,275.00299072265625,279.31506513535373,272.5804836529654,273.1134529512691,25133786
2023-12-08,276.2142333984375,282.85190842276126,272.28978392847165,277.57086096142564,20815064
2023-12-11,278.3945007324219,279.5573159549899,275.58439844477186,277.1832471970883,8071675
2023-12-12,274.61541748046875,279.65424441727885,272.1444719003076,278.5398969903752,8640883
2023-12-13,284.9352722167969,285.7589305420667,275.68130695775903,275.92355766686075,23629670
2023-12-14,286.243408203125,289.2473226609965,284.4992150710021,288.5205705940091,24900443
2023-12-15,295.64276123046875,297.48386064259756,285.85582700184455,288.7628354120328,28843558
2023-12-18,293.8016357421875,297.04777118816094,292.3965699733213,296.5148315222413,13307504
2023-12-19,300.0516662597656,302.81332974132937,293.1233031896069,295.5458098275375,15650536
2023-12-20,288.4237060546875,303.637063349197,286.00119881490076,302.8134049733452,23497233
2023-12-21,292.59039306640625,293.75317862691435,284.1116189785427,286.63100247878555,17868637
2023-12-22,293.4140319824219,299.37342277788713,290.31324080797066,294.5768471551024,15207726
2023-12-26,300.0032653808594,301.06917434884315,295.1582515005859,296.95091255061067,9917180
2023-12-27,296.5632629394531,302.5710914763568,294.14075620225253,301.9412456390078,12630732
2023-12-28,304.1699523925781,305.7203626818331,298.21059149075796,299.51875109642987,37591916
2023-12-29,301.5052185058594,304.606039327419,298.5982100750043,304.606039327419,12682889
2024-01-01,300.14862060546875,303.5885687547046,298.2590532960119,302.3288769294794,8024960
2024-01-02,296.5148620605469,301.16606375441756,292.68728910399346,301.16606375441756,13506040
2024-01-03,296.70867919921875,298.45287246941814,293.89854732711353,297.6776820319117,14259987
2024-01-04,307.27081298828125,311.7766703754201,299.0342886737791,301.2629834243491,40057506
2024-01-05,305.1874084472656,315.55571946701826,303.00715239902974,312.89096207473,27456415
2024-01-08,306.6409606933594,308.4820601759163,302.9102938432505,306.6409606933594,10136462
2024-01-09,309.8386535644531,311.48597019704016,306.2533312801729,307.99755410966844,12229517
2024-01-10,303.63702392578125,309.8386357401104,298.45285319141203,309.7417295487767,14455000
2024-01-11,303.2009582519531,307.4645644895364,302.6680185616118,305.18743165660743,10316319
2024-01-12,302.958740234375,305.5265919157459,300.10019952176236,305.42971528641243,12341629
2024-01-15,307.464599609375,308.1429134487596,300.0032952342486,305.13899862974625,9706124
2024-01-16,301.8443908691406,307.41615731375555,300.5362310939069,307.41615731375555,10162832
2024-01-17,299.7125549316406,304.36378612578994,297.58076650948857,300.14861802133606,13502940
2024-01-18,290.0224914550781,301.65052366157556,287.35773407442247,299.3733910117619,32481018
2024-01-19,298.888916015625,299.8579187849133,292.3481473229289,294.3830294811402,28651237
2024-01-23,293.22027587890625,305.52659464799643,290.9915515235129,303.7339629866069,21652362
2024-01-24,299.2765197753906,301.06918086420995,289.0050842126055,293.55940918726884,23922028
2024-01-25,304.9936218261719,307.3676904410751,299.61566828187136,300.3908586691447,32525422
2024-01-29,314.4898376464844,315.65265280087533,306.35022028060115,307.9490689391754,24694773
2024-01-30,305.67193603515625,313.90845959120423,304.75137157377435,311.87354785715115,20918448
2024-01-31,307.6584167480469,310.0809239665354,302.91030851413353,308.67585795116355,20931224
2024-02-01,312.0188903808594,316.8154658970383,307.27078274590895,310.12932316015434,24020951
2024-02-02,322.1934509277344,323.3562661883022,313.0848299586879,313.95692661830356,32346639
2024-02-05,325.6818542480469,330.47840047190635,322.72637789925005,327.52295369472887,19651482
2024-02-06,327.0027770996094,328.76400087443545,321.914750856218,328.76400087443545,12024661
2024-02-07,323.5781555175781,330.6230805518568,322.5507500877478,330.6230805518568,8080437
2024-02-08,323.7738037109375,328.0301290306099,320.9362634512753,326.75813749156214,17754869
2024-02-09,317.90301513671875,327.78550960740154,312.71716677961047,325.77966992558896,18304439
2024-02-12,309.3414611816406,319.66427675236054,307.7270011698325,319.1261035081854,11714289
2024-02-13,314.62518310546875,316.97352130916414,309.09686579335397,311.6897902112102,15426888
2024-02-14,320.936279296875,322.2572120282481,311.494105100609,313.9891770351451,14085723
2024-02-15,331.9440002441406,333.5584603012591,323.03996950501886,323.8716700981888,21973316
2024-02-16,330.476318359375,335.56434467944456,329.5467653273213,334.53693924501243,20307449
2024-02-19,331.45477294921875,334.5369294414716,330.2316926062327,333.0692330298883,8496898
2024-02-20,338.2550964355469,339.0378558758209,330.5252051261374,333.2649228878137,19340526
2024-02-21,328.8618469238281,340.5544770271704,327.49200291871335,339.52710148842425,17751633
2024-02-22,332.237548828125,332.9224857981585,323.48031105619043,331.6994053947854,16083122
2024-02-23,330.476318359375,332.6778630412657,327.6387778525658,332.6778630412657,9665454
2024-02-26,330.32952880859375,331.2101406402924,327.3451950018236,330.72090852708664,7711995
2024-02-27,328.8618469238281,330.72092306365244,326.9049183849899,328.8618469238281,8882923
2024-02-28,326.1221008300781,329.25319816539263,324.6544045529664,328.4704387617426,12977628
2024-02-29,328.37261962890625,328.76399937037036,323.4802982097043,326.12213385985723,13149469
2024-03-01,336.10247802734375,336.9341786320889,327.7855317006118,328.3726162369237,13027254
2024-03-04,346.2295837402344,350.58373177306015,338.3040172766488,340.5055618576248,38075510
2024-03-05,350.5348205566406,352.19822173999245,345.93602659821573,347.25695931907046,15918221
2024-03-06,344.3705139160156,351.70899598673316,337.5701752530067,351.70899598673316,13120921
2024-03-07,344.6151428222656,346.2785142373744,342.1689820409047,344.41943801561234,9172926
2024-03-11,340.4566650390625,345.5446614814998,339.2335846643861,344.66404958380497,10664917
2024-03-12,337.3255615234375,341.92435559712516,335.17292815695384,340.50557044280276,9637912
2024-03-13,315.5547180175781,337.0809313397075,312.6193252918332,336.44493555453454,23722232
2024-03-14,314.91876220703125,319.9089364463037,309.6839718762294,314.1359727979195,20859127
2024-03-15,309.48822021484375,319.028246340516,299.16543465890066,315.7014739713276,43285007
2024-03-18,310.3199462890625,315.9461160052899,308.1673427486354,310.27103501828304,13690352
2024-03-19,306.6996154785156,311.053763252931,303.4217544359699,307.53128616034985,13388060
2024-03-20,306.89532470703125,310.6135069994015,301.6605346790585,309.19472180646164,10026655
2024-03-21,318.0008850097656,319.321817734955,310.17317091721753,310.4177869826097,23370426
2024-03-22,317.75628662109375,320.20244741109445,314.2338091114205,317.51167054209367,14709219
2024-03-26,322.0125732421875,323.18671236250935,313.20639546816426,313.20639546816426,11208959
2024-03-27,324.4587707519531,326.9049315238159,319.2728919993874,324.850150503379,45209520
2024-03-28,328.5682678222656,332.67782942399936,323.1867146992303,324.7522633980031,19868037
2024-04-01,334.97723388671875,336.98307360673493,328.9107437387757,331.6993727561424,8580656
2024-04-02,337.3744812011719,338.1572705632012,333.411712700889,335.6132573922375,9745257
2024-04-03,343.6855773925781,346.47420655488173,334.63478282779135,336.9341798514578,21679943
2024-04-04,347.0123596191406,354.88901518658867,345.055431010139,347.3548280977881,28962927
2024-04-05,346.91448974609375,350.4859081659547,343.97909698041695,348.724654590333,11208130
2024-04-08,355.6717834472656,358.1179442687736,345.64252407908276,347.9419212233726,11447140
2024-04-09,355.0846862792969,358.99854345484243,352.58961427403085,357.1394672685304,10010148
2024-04-10,354.69329833984375,360.41732029891733,353.56807039994106,356.2588471459674,12886638
2024-04-12,353.9594421386719,366.4348613156396,353.22559395179144,354.6932903255523,30924494
2024-04-15,353.37237548828125,358.1179333088449,345.20219262241443,347.84405817293543,18126999
2024-04-16,351.5132751464844,354.15514051552833,346.9634224423385,353.2255875515125,15328939
2024-04-18,343.5877380371094,353.4702335848408,341.6797505402037,351.80683230617944,22966560
2024-04-19,343.0006408691406,344.81080575635906,335.61324751093036,335.71109991084813,12867942
2024-04-22,335.5154113769531,347.35483569234185,334.5369470510592,347.35483569234185,37382916
2024-04-23,339.6738586425781,341.1415550185596,336.5917022250888,338.54863072639745,14651106
2024-04-24,344.07696533203125,345.5446617829232,339.82063965237245,342.266800403859,11132307
2024-04-25,351.4643859863281,352.8342300244427,341.58189065505206,343.4409668396619,19865014
2024-04-26,348.333251953125,353.6169526118032,347.35478776224545,352.9320455944019,10986589
2024-04-29,355.1825256347656,355.8185214303593,349.26282881833,351.95360552768426,13652173
2024-04-30,355.37823486328125,357.57977947112283,351.56220032140135,357.09054733604694,14566548
2024-05-02,361.1022033691406,364.5757692175113,355.3782116509164,355.3782116509164,27892188
2024-05-03,357.0905456542969,372.2078006407304,352.5896040607242,364.28223411775497,26844664
2024-05-06,349.11602783203125,360.90653980458876,346.76771963520497,359.8791344394806,15319437
2024-05-07,341.63079833984375,350.73053408536197,339.38034243373033,350.5348292846737,10028071
2024-05-08,347.7951354980469,350.7794395669552,337.76587676565833,337.76587676565833,9595776
2024-05-09,338.5975646972656,350.2902252207046,337.4234254339716,348.82252874631615,9043486
2024-05-10,347.84405517578125,348.6757557945465,340.0652521243306,340.1631045254254,11699095
2024-05-13,343.3431091308594,348.3332829200444,339.0378722803241,347.8440507811117,10691781
2024-05-14,348.1376037597656,349.5563890113042,342.75604983516894,343.00066592265057,10891985
2024-05-15,353.56805419921875,355.6717463140112,348.96926039076766,349.80096095532053,8538183
2024-05-16,353.6659240722656,356.0142323597247,345.44680027561907,356.0142323597247,13114162
2024-05-17,357.57977294921875,358.60714846999593,352.58959929038843,354.64438019230204,8509179
2024-05-21,363.98870849609375,366.04348943548234,357.48192707166294,359.0963871453398,10939593
2024-05-22,365.79888916015625,369.2235142535314,362.61888014487937,366.9241171473359,14001806
2024-05-23,364.2822265625,367.51117648804103,361.5425386199431,366.973003236938,15370357
2024-05-24,366.87518310546875,370.0062507945772,360.7597815325703,364.96716587058074,13317821
2024-05-27,361.6893005371094,372.3056435188514,360.0748405123189,371.76750013070756,21891930
2024-05-28,357.5308532714844,365.2118040849959,356.258861611314,364.57580825491067,10200096
2024-05-29,356.7480773925781,358.46038985825527,352.24713579644055,353.71483219559235,18146672
2024-05-30,351.95361328125,356.9437572184255,349.45851145230216,356.1609977389674,14425073
2024-05-31,351.2686462402344,358.75389136492555,347.84402155544103,355.62282385504324,30515612
2024-06-03,383.3622741699219,384.7321479830676,365.4074794002376,376.70872933617954,39261174
2024-06-04,324.1163024902344,383.46015688354396,307.18888188168125,383.46015688354396,84042244
2024-06-05,333.6563415527344,334.8794219836462,308.5097959490433,332.67787720800493,46418629
2024-06-06,342.2178649902344,352.0025073058951,337.57015989029554,340.30984779453706,33171039
2024-06-07,352.834228515625,354.20407254788176,340.21204516209576,344.4194296598187,23930193
2024-06-10,357.0415954589844,362.1296214547626,354.0083503407458,357.1394478551261,16072588
2024-06-11,359.48779296875,363.93982363722836,357.0416321158593,360.8087258013834,11235777
2024-06-12,363.30377197265625,365.94563744918736,357.53083874432656,361.59145949796084,12134524
2024-06-13,361.98284912109375,368.29392540623394,360.02592068656503,368.29392540623394,11243702
2024-06-14,360.51513671875,362.8634447633948,358.2157399386441,362.03174424373645,10298434
2024-06-18,361.6893005371094,364.23331353453995,360.75977742482826,363.7929926821612,10228382
2024-06-19,354.69329833984375,362.91239224654333,353.7637453379816,361.8360755760608,8337334
2024-06-20,349.94775390625,357.04162014172556,349.36066934917295,354.69331177377825,14338604
2024-06-21,352.0514221191406,355.13360836790395,349.06711812695005,352.1982156436409,17931844
2024-06-24,354.93792724609375,356.79700345670267,347.89297229389456,349.8988420387934,9335598
2024-06-25,353.078857421875,356.8459510427813,350.04561204424806,356.40563015266906,14983828
2024-06-26,357.1883850097656,358.99854995831976,351.9046836991338,355.1825451151057,15918394
2024-06-27,369.0278015136719,372.8927474086809,356.2588544555916,357.1883776161656,55378829
2024-06-28,370.20196533203125,381.1118360531363,368.5875052463685,369.81058559313726,25141039
2024-07-01,361.78717041015625,373.7733579355773,359.87915310482265,373.5287418636299,23389211
2024-07-02,362.42315673828125,364.5757900592144,357.2862193618521,364.5757900592144,13702830
2024-07-03,364.6247253417969,366.19027423645656,360.7108680353284,362.56994428382865,9207317
2024-07-04,364.91827392578125,372.64813595117505,363.74410481746486,365.8477970978676,14916930
2024-07-05,371.6207275390625,373.0395127118814,363.01025368159475,366.28811504405326,15946104
2024-07-08,369.3213806152344,373.0395331987094,368.04935904483125,372.64815343103237,8898299
2024-07-09,368.929931640625,372.0610291688324,366.97300315058516,371.0336536557051,8355819
2024-07-10,373.186279296875,375.53458765266197,362.0317922116163,370.6422661362888,17715196
2024-07-11,368.9789123535156,375.0453734072398,366.5327514785392,374.16476146432075,19873143
2024-07-12,369.0278015136719,371.2293461692278,363.98871638524923,370.7890551543329,16151583
2024-07-15,377.3447570800781,380.57370723555863,368.7831943244543,370.44659560397713,22951140
2024-07-16,372.2567443847656,380.37798590167347,371.8164235180345,378.32320495752816,11893034
2024-07-18,369.6148681640625,374.65395304849613,366.1413320420713,374.65395304849613,15709153
2024-07-19,356.7970275878906,369.85953293751845,355.08471493540213,369.6149168443058,13330099
2024-07-22,365.4563903808594,369.1256312481371,354.5465201742254,356.8948283572114,18715538
2024-07-23,374.2136535644531,377.34472115793875,353.7637274409345,368.5874842892099,49882257
2024-07-24,384.14508056640625,386.4933888557362,373.4798259346111,375.82813422394105,36868466
2024-07-25,383.70477294921875,387.76539386105156,377.93183949598017,382.5306336941857,25973101
2024-07-26,387.765380859375,390.89647848853355,381.3075405223205,386.44447797429746,20381410
2024-07-29,385.41705322265625,399.506932125944,384.19397293833686,395.29954789202867,27751449
2024-07-30,398.18603515625,403.81220454676384,388.45030400591287,388.45030400591287,34447139
2024-07-31,407.0411376953125,408.410981705869,399.75156691503855,400.68111991882324,29727771
2024-08-01,414.3306884765625,415.2113003079603,406.6497383297842,410.8571225577731,28803487
2024-08-02,410.6614685058594,417.11930883798436,404.44821438232947,407.28575481013587,24233263
2024-08-05,404.3503723144531,406.6986806643524,395.93557335531676,398.87096625778105,42489503
2024-08-06,406.06268310546875,415.79841480117784,404.3503705863493,404.3503705863493,18230579
2024-08-07,410.5498352050781,415.18492839181664,409.2678035216245,415.18492839181664,15556736
2024-08-08,402.0686340332031,411.24016524852624,400.19485380774677,410.5991494274213,16447385
2024-08-09,404.9778747558594,410.5991553208065,402.56173353454574,408.08435923815,10954753
2024-08-12,395.313232421875,404.33684127502187,394.573591858567,404.33684127502187,26254763
2024-08-13,390.72747802734375,398.91282178828686,389.54404105407497,397.43354061972707,11355664
2024-08-14,390.87542724609375,394.47500565347076,388.212708919511,393.3901933687128,9424614
2024-08-16,392.5518798828125,395.41184740035555,387.8674897644207,392.5518798828125,13844122
2024-08-19,397.53216552734375,401.871384270812,395.9049622605497,396.7431975128616,10677045
2024-08-20,400.638671875,402.5617495384216,397.5321872692108,398.96214108657836,10126083
2024-08-21,403.3013610839844,404.0410016556537,399.60315822563774,401.87137727366957,9726854
2024-08-22,397.7787170410156,404.3861549492848,396.69390481844823,404.1396080848855,10445288
2024-08-23,396.3980407714844,400.29346297631315,394.03116691492113,397.7786971237788,11513586
2024-08-26,409.1198425292969,410.2046546715903,396.3980312868941,396.8911249792047,13772637
2024-08-27,403.9916687011719,410.4512143297011,403.4492776611201,409.76087110049747,8441188
2024-08-28,403.3999328613281,408.6760413257494,401.72343238496586,404.3861202342648,15884745
2024-08-29,404.23822021484375,406.9009383055503,398.17317355940315,403.3999548828768,19014705
2024-08-30,410.45123291015625,413.4097952902985,405.81613980951226,406.99957679999034,22633988
2024-09-02,404.33685302734375,413.31116480886845,402.068633939026,412.0291030709064,11107165
2024-09-03,400.7865905761719,405.865450138817,399.9976526212954,404.82996531103487,7538160
2024-09-04,399.5045166015625,402.61100085224723,394.37633014934755,394.4749549072845,11052003
2024-09-05,397.68011474609375,402.75897442047835,396.29945824665737,399.75111454327566,14246871
2024-09-06,389.3468017578125,399.06075437249655,387.27583214424953,397.6800979314369,17956121
2024-09-09,384.4651794433594,387.3251169997037,379.9780085344265,385.79653850636254,12293356
2024-09-10,390.8260498046875,393.8832367265311,384.3665344520597,384.711706057051,15852309
2024-09-11,384.2679443359375,393.7846474683428,382.14764727991763,393.48880326370875,11492592
2024-09-12,399.25799560546875,400.6386520178274,385.2541217611323,385.5992933882351,24028069
2024-09-13,395.85565185546875,401.6741520182725,393.8339795425123,399.25801072913595,12017217
2024-09-16,405.4216613769531,406.3092240510581,396.44734968088676,396.89114606596536,11479712
2024-09-17,410.5498352050781,411.88119432008205,404.4354908968449,406.1613189839843,14432501
2024-09-18,408.4295349121094,413.9521907664411,407.29542534017907,412.7194564282444,10303840
2024-09-19,418.09417724609375,425.8850520032499,414.74111587309415,418.14347457967517,59601773
2024-09-20,418.09417724609375,423.9126771231571,410.7963661129086,422.1375216734422,36084164
2024-09-23,422.43341064453125,424.55370769511035,419.12967658634585,421.5951452721479,14139629
2024-09-24,422.1868591308594,425.49059315269557,421.1020469018314,425.49059315269557,12539885
2024-09-25,430.07635498046875,430.9639176704193,419.7706840412333,422.1868553434817,19443168
2024-09-26,428.5970458984375,431.90077967557545,424.60296890958097,431.90077967557545,20041825
2024-09-27,430.86529541015625,436.38795120735824,427.51226406415776,429.9777327150468,53885913
2024-09-30,437.0782775878906,442.2557615548011,427.61087231490114,430.86527876996706,20903229
2024-10-01,434.0210876464844,441.56541535699154,432.7390259485093,439.8395873796052,15984996
2024-10-03,429.3367004394531,436.38793449169043,426.0329665545995,426.0329665545995,13563784
2024-10-04,424.50439453125,433.2814567062228,420.4116925885812,426.92053569561295,18347292
2024-10-07,409.7115783691406,427.01915566542715,403.39995476283326,424.6523118610878,23431004
2024-10-08,415.1355895996094,421.79235441381064,405.6188573069109,408.2815752710116,18706355
2024-10-09,412.6701354980469,418.88310416890016,411.2401517090791,418.5872599830696,13916492
2024-10-10,416.8614501953125,423.96198182949445,414.69182575105947,414.8890752809198,15866037
2024-10-11,416.6641845703125,420.7568563403727,413.80424707412897,418.09416836643004,8639087
2024-10-14,418.6365661621094,420.1158473146257,414.1987227045605,418.73519092482087,8483177
2024-10-15,420.7075500488281,421.29926850689856,417.69966042699144,420.75684738031276,9365964
2024-10-16,418.3900146484375,423.46887386302666,415.43145237632126,419.4254994052575,6219440
2024-10-17,411.97979736328125,419.7213746794438,410.8456878421738,417.79829715961455,11968387
2024-10-18,419.08038330078125,420.06657078463195,408.7254147203488,411.93052404286357,8828971
2024-10-21,419.1296691894531,422.8278721528895,413.3111692128572,420.16515398079423,9139781
2024-10-22,410.0074157714844,420.4116809101875,407.73919676655095,417.00935240278733,14242323
2024-10-23,402.66033935546875,409.02126069217724,396.1515260108087,408.28162007609734,22522821
2024-10-24,406.2106018066406,409.5143357603415,401.18103982745964,403.5972111015527,9400171
2024-10-25,393.3901672363281,401.8713853136926,386.19101089980444,396.9404480705798,19642277
2024-10-28,398.32110595703125,400.88519935217204,392.30535647890747,393.3901686956269,11716022
2024-10-29,406.4571533203125,408.57745032810664,398.86352797890413,403.3506688580976,20284308
2024-10-30,402.8575744628906,409.07054337701845,400.1948563019486,408.4295275519184,12264297
2024-10-31,404.9909362792969,407.4715864222319,400.3769330697125,405.83436338416954,12204072
2024-11-01,408.1661682128906,412.2344403803652,407.17390818576865,408.8111311742453,2145479
2024-11-04,397.8466796875,411.09332714746307,390.65279431546264,410.64682829319526,13866505
2024-11-05,399.98004150390625,400.9723015769592,394.07608195669167,396.9040292211674,6665326
2024-11-06,405.7351379394531,407.6204260225568,400.0296425176497,403.55218394689206,9700643
2024-11-07,400.6745910644531,407.7196433875844,398.88853510934865,407.7196433875844,7589295
2024-11-08,394.57220458984375,401.0715261152179,392.4884524192553,400.02963488923683,7536509
2024-11-11,389.51165771484375,397.79703491634496,388.76746270179945,395.0683198685158,12243693
2024-11-12,377.3564758300781,391.7442462091686,376.11615079739795,390.10702322230526,10549517
2024-11-13,378.39837646484375,384.60000178293353,376.413856363055,381.0278595434391,20602407
2024-11-14,369.6168518066406,382.21856598078506,368.4757588573375,377.10840273070954,15086601
2024-11-18,363.86175537109375,377.05880130419155,359.8430841883705,377.05880130419155,16383636
2024-11-19,363.86175537109375,375.5704112990434,362.2245021403331,365.1516812630066,17055094
2024-11-21,353.3934020996094,361.52994642296363,352.0538450086291,360.88498346252806,21276150
2024-11-22,362.6214294433594,364.2586523885786,352.94689443453353,354.2864212106579,15949254
2024-11-25,365.548583984375,374.280490297492,364.6555560258922,371.10524613247264,18388844
2024-11-26,358.850830078125,367.5331052507394,357.46167210678124,367.136207299123,11222231
2024-11-27,366.4416198730469,368.72383612897306,358.5531707407999,360.9841896647588,14225274
2024-11-28,359.24774169921875,368.97190843137776,356.81672272720937,366.8385553640638,16837860
2024-11-29,360.8353576660156,362.571812736864,357.4120786951671,360.43845970609635,14280017
2024-12-02,355.42755126953125,361.08341521459596,354.2368271330057,360.8353502096009,12510350
2024-12-03,364.60595703125,367.13620797365445,355.42755183190866,356.22134773659985,14205760
2024-12-04,369.86492919921875,372.24634723436765,365.1516940182763,366.0943531670141,22035954
2024-12-05,366.29278564453125,371.0556519785017,361.57955048110495,369.8649278246658,18758283
2024-12-06,366.64007568359375,368.3269298222919,365.20128654874105,366.59047479537367,9736086
2024-12-09,366.9873962402344,370.4106753436408,364.9036440182536,368.02925721053754,10878679
2024-12-10,366.29278564453125,368.3269368838865,363.564070549916,366.14395269564505,7913822
2024-12-11,362.6710510253906,367.8804163273969,361.8772550919202,366.3920262411094,9998662
2024-12-12,352.8476867675781,364.1594455035104,350.26780453062446,363.16718543401856,22538216
2024-12-13,354.38568115234375,355.52677418689876,345.35610837732764,352.99652309804304,14269143
2024-12-16,350.1685485839844,356.12210859487004,348.9778547506305,354.3856535916951,12168143
2024-12-17,346.3483581542969,351.11122456056796,344.5623021778037,349.2755374127772,15646176
2024-12-18,339.1048583984375,348.2832634904215,337.36840338103514,346.84447436345346,14672392
2024-12-19,334.7885437011719,337.96378805801277,332.4567264654957,334.3916457269104,14513129
2024-12-20,330.670654296875,341.23821753770983,328.4380692341054,335.1854253112599,20375797
2024-12-23,331.06756591796875,335.63196829098723,327.941952757343,333.30015107289773,8884187
2024-12-24,332.70477294921875,334.242794150687,329.18226198700114,332.50633911383017,7755462
2024-12-26,332.059814453125,334.78852954770394,329.678396426858,332.7047774192054,9030212
2024-12-27,332.4071044921875,337.3684045592351,331.6133085940089,334.0443274580387,9090597
2024-12-30,328.8349609375,334.19315893000766,324.86592090136514,332.4071030262959,36657549
2024-12-31,330.7698974609375,332.01022253745117,323.67524407955415,327.545052262002,8580998
2025-01-01,331.06756591796875,332.05982598682607,326.2550985277359,330.42260292948635,7843971
2025-01-02,335.3838806152344,335.97924267260095,327.4458006006726,331.067543551042,16543382
2025-01-03,337.2195739746094,341.83357701299497,334.4412277487861,335.4334877691431,8689629
2025-01-06,324.96514892578125,339.0552529917532,323.9232880417741,339.0552529917532,10538077
2025-01-07,326.056640625,327.79309561737756,322.5837306402449,324.4690185756947,13891401
2025-01-08,322.88140869140625,327.94194091612945,319.35889768670205,327.94194091612945,8993608
2025-01-09,317.8705139160156,323.42717626701346,317.3247527182454,321.5418579419192,12403467
2025-01-10,305.8641662597656,318.5154821391233,305.21920327121046,317.87051915056816,15941143
2025-01-13,295.8919677734375,307.5510237057495,294.5524106100459,298.7695159472651,29630336
2025-01-14,307.99749755859375,310.27971372456324,297.8764637400727,298.1245287397625,22732888
2025-01-15,318.8627624511719,321.7899113318736,310.1308561346119,310.1308561346119,21894626
2025-01-16,322.98065185546875,324.76670786377883,319.1604445406884,322.18685591430295,14865186
2025-01-17,323.6256103515625,326.45355755995234,320.8472943146656,322.7821832499201,7129232
2025-01-20,333.448974609375,334.39163376071565,322.0379841397957,323.6752374322688,17991880
2025-01-21,321.7899169921875,335.63195658241506,321.29378697506644,335.1854274544568,12774630
2025-01-22,319.9046325683594,324.46903483329817,314.8937314518318,324.46903483329817,11068145
2025-01-23,321.14495849609375,322.5837476783201,317.07668624280154,318.5154754250279,6477347
2025-01-24,321.14495849609375,327.3465837964253,319.60696753416096,322.28605149508,7492600
2025-01-27,319.7062072753906,322.53412425517666,312.56192264523554,321.14496621080605,13803855
2025-01-28,315.7867431640625,321.3434051880313,305.76491116605354,320.00384813954486,22008929
2025-01-29,318.7635498046875,320.40077287581414,310.8750700782941,317.5232247081712,16056888
2025-01-30,320.5,324.27057612274456,318.66431282917415,319.75580495356036,10375720
2025-01-31,324.0,326.25,317.54998779296875,322.45001220703125,13195557
2025-02-01,317.70001220703125,330.79998779296875,316.75,326.04998779296875,10097627
2025-02-03,311.25,314.04998779296875,304.0,310.1000061035156,15881217
2025-02-04,319.1000061035156,320.45001220703125,310.29998779296875,314.8500061035156,12141064
2025-02-05,319.6000061035156,323.04998779296875,318.3999938964844,321.0,12226722
2025-02-06,312.79998779296875,322.70001220703125,311.3999938964844,322.6000061035156,13384442
2025-02-07,316.95001220703125,319.25,312.1000061035156,313.5,8937447
2025-02-10,310.5,316.8500061035156,309.0,316.5,6806132
2025-02-11,305.6000061035156,312.3500061035156,304.1499938964844,312.3500061035156,13241830
2025-02-12,306.25,307.5,300.0,306.20001220703125,7616083
2025-02-13,306.70001220703125,308.6000061035156,303.1000061035156,306.1499938964844,9086906
2025-02-14,300.3500061035156,308.25,298.3500061035156,306.8500061035156,7446248
2025-02-17,302.3500061035156,303.20001220703125,292.79998779296875,297.5,6464173
2025-02-18,311.20001220703125,312.3999938964844,297.5,301.1499938964844,15793327
2025-02-19,314.79998779296875,316.3500061035156,310.6000061035156,311.20001220703125,13079903
2025-02-20,325.1499938964844,327.1499938964844,311.5,312.54998779296875,22888146
2025-02-21,326.25,329.75,321.54998779296875,323.29998779296875,10809296
2025-02-24,320.1000061035156,325.3999938964844,319.45001220703125,322.1000061035156,6034113
2025-02-25,318.70001220703125,321.5,315.75,320.1000061035156,10686112
2025-02-27,315.70001220703125,319.29998779296875,314.5,315.3500061035156,7302366
2025-02-28,311.45001220703125,315.6499938964844,306.54998779296875,314.0,21127180
2025-03-03,314.3999938964844,317.79998779296875,307.70001220703125,311.29998779296875,9779703
2025-03-04,313.75,314.8999938964844,308.0,311.29998779296875,8734999
2025-03-05,326.20001220703125,327.29998779296875,313.5,313.54998779296875,10490296
